file_audio,source_file,kalimat,produk,quantity,tipe,speaker,intent
TTS Google/synt_001.mp3,synt_001.wav,catat 1 gula,gula,1,synt,tts_google,add_item
TTS Google/synt_002.mp3,synt_002.wav,catat 5 telur,telur,5,synt,tts_google,add_item
TTS Google/synt_003.mp3,synt_003.wav,catat 3 beras,beras,3,synt,tts_google,add_item
TTS Google/synt_004.mp3,synt_004.wav,catat 1 mie,mie,1,synt,tts_google,add_item
TTS Google/synt_005.mp3,synt_005.wav,catat 1 teh,teh,1,synt,tts_google,add_item
TTS Google/synt_006.mp3,synt_006.wav,catat 5 gula,gula,5,synt,tts_google,add_item
TTS Google/synt_007.mp3,synt_007.wav,catat 3 sabun,sabun,3,synt,tts_google,add_item
TTS Google/synt_008.mp3,synt_008.wav,catat 3 beras,beras,3,synt,tts_google,add_item
TTS Google/synt_009.mp3,synt_009.wav,catat 4 teh,teh,4,synt,tts_google,add_item
TTS Google/synt_010.mp3,synt_010.wav,catat 2 mie,mie,2,synt,tts_google,add_item
TTS Google/synt_011.mp3,synt_011.wav,catat 3 air mineral,air mineral,3,synt,tts_google,add_item
TTS Google/synt_012.mp3,synt_012.wav,catat 5 air mineral,air mineral,5,synt,tts_google,add_item
TTS Google/synt_013.mp3,synt_013.wav,catat 5 telur,telur,5,synt,tts_google,add_item
TTS Google/synt_014.mp3,synt_014.wav,catat 5 beras,beras,5,synt,tts_google,add_item
TTS Google/synt_015.mp3,synt_015.wav,catat 1 teh,teh,1,synt,tts_google,add_item
TTS Google/synt_016.mp3,synt_016.wav,catat 5 gula,gula,5,synt,tts_google,add_item
TTS Google/synt_017.mp3,synt_017.wav,catat 1 gula,gula,1,synt,tts_google,add_item
TTS Google/synt_018.mp3,synt_018.wav,catat 5 teh,teh,5,synt,tts_google,add_item
TTS Google/synt_019.mp3,synt_019.wav,catat 3 beras,beras,3,synt,tts_google,add_item
TTS Google/synt_020.mp3,synt_020.wav,catat 3 beras,beras,3,synt,tts_google,add_item
TTS Google/synt_021.mp3,synt_021.wav,catat 3 gula,gula,3,synt,tts_google,add_item
TTS Google/synt_022.mp3,synt_022.wav,catat 3 beras,beras,3,synt,tts_google,add_item
TTS Google/synt_023.mp3,synt_023.wav,catat 5 beras,beras,5,synt,tts_google,add_item
TTS Google/synt_024.mp3,synt_024.wav,catat 5 telur,telur,5,synt,tts_google,add_item
TTS Google/synt_025.mp3,synt_025.wav,catat 2 kopi,kopi,2,synt,tts_google,add_item
TTS Google/synt_026.mp3,synt_026.wav,catat 5 sabun,sabun,5,synt,tts_google,add_item
TTS Google/synt_027.mp3,synt_027.wav,catat 2 minyak,minyak,2,synt,tts_google,add_item
TTS Google/synt_028.mp3,synt_028.wav,catat 3 sabun,sabun,3,synt,tts_google,add_item
TTS Google/synt_029.mp3,synt_029.wav,catat 1 telur,telur,1,synt,tts_google,add_item
TTS Google/synt_030.mp3,synt_030.wav,catat 3 sabun,sabun,3,synt,tts_google,add_item
TTS Google/synt_031.mp3,synt_031.wav,catat 4 teh,teh,4,synt,tts_google,add_item
TTS Google/synt_032.mp3,synt_032.wav,catat 5 minyak,minyak,5,synt,tts_google,add_item
TTS Google/synt_033.mp3,synt_033.wav,catat 2 sabun,sabun,2,synt,tts_google,add_item
TTS Google/synt_034.mp3,synt_034.wav,catat 1 sabun,sabun,1,synt,tts_google,add_item
TTS Google/synt_035.mp3,synt_035.wav,catat 3 beras,beras,3,synt,tts_google,add_item
TTS Google/synt_036.mp3,synt_036.wav,catat 2 gula,gula,2,synt,tts_google,add_item
TTS Google/synt_037.mp3,synt_037.wav,catat 5 susu,susu,5,synt,tts_google,add_item
TTS Google/synt_038.mp3,synt_038.wav,catat 5 susu,susu,5,synt,tts_google,add_item
TTS Google/synt_039.mp3,synt_039.wav,catat 2 kopi,kopi,2,synt,tts_google,add_item
TTS Google/synt_040.mp3,synt_040.wav,catat 3 beras,beras,3,synt,tts_google,add_item
TTS Google/synt_041.mp3,synt_041.wav,catat 3 mie,mie,3,synt,tts_google,add_item
TTS Google/synt_042.mp3,synt_042.wav,catat 1 air mineral,air mineral,1,synt,tts_google,add_item
TTS Google/synt_043.mp3,synt_043.wav,catat 3 kopi,kopi,3,synt,tts_google,add_item
TTS Google/synt_044.mp3,synt_044.wav,catat 2 beras,beras,2,synt,tts_google,add_item
TTS Google/synt_045.mp3,synt_045.wav,catat 5 minyak,minyak,5,synt,tts_google,add_item
TTS Google/synt_046.mp3,synt_046.wav,catat 3 minyak,minyak,3,synt,tts_google,add_item
TTS Google/synt_047.mp3,synt_047.wav,catat 4 gula,gula,4,synt,tts_google,add_item
TTS Google/synt_048.mp3,synt_048.wav,catat 2 teh,teh,2,synt,tts_google,add_item
TTS Google/synt_049.mp3,synt_049.wav,catat 5 telur,telur,5,synt,tts_google,add_item
TTS Google/synt_050.mp3,synt_050.wav,catat 2 minyak,minyak,2,synt,tts_google,add_item
TTS Google/synt_051.mp3,synt_051.wav,catat 3 susu,susu,3,synt,tts_google,add_item
TTS Google/synt_052.mp3,synt_052.wav,catat 3 susu,susu,3,synt,tts_google,add_item
TTS Google/synt_053.mp3,synt_053.wav,catat 3 air mineral,air mineral,3,synt,tts_google,add_item
TTS Google/synt_054.mp3,synt_054.wav,catat 4 sabun,sabun,4,synt,tts_google,add_item
TTS Google/synt_055.mp3,synt_055.wav,catat 5 sabun,sabun,5,synt,tts_google,add_item
TTS Google/synt_056.mp3,synt_056.wav,catat 2 telur,telur,2,synt,tts_google,add_item
TTS Google/synt_057.mp3,synt_057.wav,catat 5 mie,mie,5,synt,tts_google,add_item
TTS Google/synt_058.mp3,synt_058.wav,catat 2 susu,susu,2,synt,tts_google,add_item
TTS Google/synt_059.mp3,synt_059.wav,catat 2 beras,beras,2,synt,tts_google,add_item
TTS Google/synt_060.mp3,synt_060.wav,catat 5 susu,susu,5,synt,tts_google,add_item
TTS Google/synt_061.mp3,synt_061.wav,catat 2 minyak,minyak,2,synt,tts_google,add_item
TTS Google/synt_062.mp3,synt_062.wav,catat 2 kopi,kopi,2,synt,tts_google,add_item
TTS Google/synt_063.mp3,synt_063.wav,catat 4 air mineral,air mineral,4,synt,tts_google,add_item
TTS Google/synt_064.mp3,synt_064.wav,catat 3 minyak,minyak,3,synt,tts_google,add_item
TTS Google/synt_065.mp3,synt_065.wav,catat 3 mie,mie,3,synt,tts_google,add_item
TTS Google/synt_066.mp3,synt_066.wav,catat 5 kopi,kopi,5,synt,tts_google,add_item
TTS Google/synt_067.mp3,synt_067.wav,catat 3 teh,teh,3,synt,tts_google,add_item
TTS Google/synt_068.mp3,synt_068.wav,catat 2 air mineral,air mineral,2,synt,tts_google,add_item
TTS Google/synt_069.mp3,synt_069.wav,catat 5 sabun,sabun,5,synt,tts_google,add_item
TTS Google/synt_070.mp3,synt_070.wav,catat 1 susu,susu,1,synt,tts_google,add_item
TTS Google/synt_071.mp3,synt_071.wav,catat 3 susu,susu,3,synt,tts_google,add_item
TTS Google/synt_072.mp3,synt_072.wav,catat 2 teh,teh,2,synt,tts_google,add_item
TTS Google/synt_073.mp3,synt_073.wav,catat 5 kopi,kopi,5,synt,tts_google,add_item
TTS Google/synt_074.mp3,synt_074.wav,catat 3 susu,susu,3,synt,tts_google,add_item
TTS Google/synt_075.mp3,synt_075.wav,catat 1 beras,beras,1,synt,tts_google,add_item
TTS Google/synt_076.mp3,synt_076.wav,catat 2 minyak,minyak,2,synt,tts_google,add_item
TTS Google/synt_077.mp3,synt_077.wav,catat 1 susu,susu,1,synt,tts_google,add_item
TTS Google/synt_078.mp3,synt_078.wav,catat 1 kopi,kopi,1,synt,tts_google,add_item
TTS Google/synt_079.mp3,synt_079.wav,catat 4 teh,teh,4,synt,tts_google,add_item
TTS Google/synt_080.mp3,synt_080.wav,catat 4 mie,mie,4,synt,tts_google,add_item
TTS Google/synt_081.mp3,synt_081.wav,catat 4 air mineral,air mineral,4,synt,tts_google,add_item
TTS Google/synt_082.mp3,synt_082.wav,catat 3 telur,telur,3,synt,tts_google,add_item
TTS Google/synt_083.mp3,synt_083.wav,catat 1 susu,susu,1,synt,tts_google,add_item
TTS Google/synt_084.mp3,synt_084.wav,catat 5 mie,mie,5,synt,tts_google,add_item
TTS Google/synt_085.mp3,synt_085.wav,catat 5 minyak,minyak,5,synt,tts_google,add_item
TTS Google/synt_086.mp3,synt_086.wav,catat 4 beras,beras,4,synt,tts_google,add_item
TTS Google/synt_087.mp3,synt_087.wav,catat 2 mie,mie,2,synt,tts_google,add_item
TTS Google/synt_088.mp3,synt_088.wav,catat 3 beras,beras,3,synt,tts_google,add_item
TTS Google/synt_089.mp3,synt_089.wav,catat 2 susu,susu,2,synt,tts_google,add_item
TTS Google/synt_090.mp3,synt_090.wav,catat 5 beras,beras,5,synt,tts_google,add_item
TTS Google/synt_091.mp3,synt_091.wav,catat 4 air mineral,air mineral,4,synt,tts_google,add_item
TTS Google/synt_092.mp3,synt_092.wav,catat 1 sabun,sabun,1,synt,tts_google,add_item
TTS Google/synt_093.mp3,synt_093.wav,catat 2 air mineral,air mineral,2,synt,tts_google,add_item
TTS Google/synt_094.mp3,synt_094.wav,catat 3 kopi,kopi,3,synt,tts_google,add_item
TTS Google/synt_095.mp3,synt_095.wav,catat 1 susu,susu,1,synt,tts_google,add_item
TTS Google/synt_096.mp3,synt_096.wav,catat 2 air mineral,air mineral,2,synt,tts_google,add_item
TTS Google/synt_097.mp3,synt_097.wav,catat 2 susu,susu,2,synt,tts_google,add_item
TTS Google/synt_098.mp3,synt_098.wav,catat 5 air mineral,air mineral,5,synt,tts_google,add_item
TTS Google/synt_099.mp3,synt_099.wav,catat 5 beras,beras,5,synt,tts_google,add_item
TTS Google/synt_100.mp3,synt_100.wav,catat 5 telur,telur,5,synt,tts_google,add_item
TTS Google/synt_101.mp3,synt_101.wav,catat 4 beras,beras,4,synt,tts_google,add_item
TTS Google/synt_102.mp3,synt_102.wav,catat 1 teh,teh,1,synt,tts_google,add_item
TTS Google/synt_103.mp3,synt_103.wav,catat 1 air mineral,air mineral,1,synt,tts_google,add_item
TTS Google/synt_104.mp3,synt_104.wav,catat 3 telur,telur,3,synt,tts_google,add_item
TTS Google/synt_105.mp3,synt_105.wav,catat 4 air mineral,air mineral,4,synt,tts_google,add_item
TTS Google/synt_106.mp3,synt_106.wav,catat 5 sabun,sabun,5,synt,tts_google,add_item
TTS Google/synt_107.mp3,synt_107.wav,catat 5 air mineral,air mineral,5,synt,tts_google,add_item
TTS Google/synt_108.mp3,synt_108.wav,catat 5 minyak,minyak,5,synt,tts_google,add_item
TTS Google/synt_109.mp3,synt_109.wav,catat 4 telur,telur,4,synt,tts_google,add_item
TTS Google/synt_110.mp3,synt_110.wav,catat 1 kopi,kopi,1,synt,tts_google,add_item
TTS Google/synt_111.mp3,synt_111.wav,catat 2 mie,mie,2,synt,tts_google,add_item
TTS Google/synt_112.mp3,synt_112.wav,catat 5 mie,mie,5,synt,tts_google,add_item
TTS Google/synt_113.mp3,synt_113.wav,catat 3 susu,susu,3,synt,tts_google,add_item
TTS Google/synt_114.mp3,synt_114.wav,catat 4 telur,telur,4,synt,tts_google,add_item
TTS Google/synt_115.mp3,synt_115.wav,catat 3 minyak,minyak,3,synt,tts_google,add_item
TTS Google/synt_116.mp3,synt_116.wav,catat 4 teh,teh,4,synt,tts_google,add_item
TTS Google/synt_117.mp3,synt_117.wav,catat 4 beras,beras,4,synt,tts_google,add_item
TTS Google/synt_118.mp3,synt_118.wav,catat 1 mie,mie,1,synt,tts_google,add_item
TTS Google/synt_119.mp3,synt_119.wav,catat 5 susu,susu,5,synt,tts_google,add_item
TTS Google/synt_120.mp3,synt_120.wav,catat 5 gula,gula,5,synt,tts_google,add_item
TTS Google/synt_121.mp3,synt_121.wav,catat 3 teh,teh,3,synt,tts_google,add_item
TTS Google/synt_122.mp3,synt_122.wav,catat 4 beras,beras,4,synt,tts_google,add_item
TTS Google/synt_123.mp3,synt_123.wav,catat 5 susu,susu,5,synt,tts_google,add_item
TTS Google/synt_124.mp3,synt_124.wav,catat 2 sabun,sabun,2,synt,tts_google,add_item
TTS Google/synt_125.mp3,synt_125.wav,catat 1 sabun,sabun,1,synt,tts_google,add_item
TTS Google/synt_126.mp3,synt_126.wav,catat 2 telur,telur,2,synt,tts_google,add_item
TTS Google/synt_127.mp3,synt_127.wav,catat 3 minyak,minyak,3,synt,tts_google,add_item
TTS Google/synt_128.mp3,synt_128.wav,catat 1 beras,beras,1,synt,tts_google,add_item
TTS Google/synt_129.mp3,synt_129.wav,catat 2 mie,mie,2,synt,tts_google,add_item
TTS Google/synt_130.mp3,synt_130.wav,catat 2 teh,teh,2,synt,tts_google,add_item
TTS Google/synt_131.mp3,synt_131.wav,catat 1 susu,susu,1,synt,tts_google,add_item
TTS Google/synt_132.mp3,synt_132.wav,catat 5 minyak,minyak,5,synt,tts_google,add_item
TTS Google/synt_133.mp3,synt_133.wav,catat 3 minyak,minyak,3,synt,tts_google,add_item
TTS Google/synt_134.mp3,synt_134.wav,catat 3 beras,beras,3,synt,tts_google,add_item
TTS Google/synt_135.mp3,synt_135.wav,catat 2 kopi,kopi,2,synt,tts_google,add_item
TTS Google/synt_136.mp3,synt_136.wav,catat 2 kopi,kopi,2,synt,tts_google,add_item
TTS Google/synt_137.mp3,synt_137.wav,catat 1 air mineral,air mineral,1,synt,tts_google,add_item
TTS Google/synt_138.mp3,synt_138.wav,catat 1 beras,beras,1,synt,tts_google,add_item
TTS Google/synt_139.mp3,synt_139.wav,catat 2 mie,mie,2,synt,tts_google,add_item
TTS Google/synt_140.mp3,synt_140.wav,catat 2 mie,mie,2,synt,tts_google,add_item
TTS Google/synt_141.mp3,synt_141.wav,catat 1 air mineral,air mineral,1,synt,tts_google,add_item
TTS Google/synt_142.mp3,synt_142.wav,catat 5 telur,telur,5,synt,tts_google,add_item
TTS Google/synt_143.mp3,synt_143.wav,catat 1 mie,mie,1,synt,tts_google,add_item
TTS Google/synt_144.mp3,synt_144.wav,catat 5 gula,gula,5,synt,tts_google,add_item
TTS Google/synt_145.mp3,synt_145.wav,catat 3 mie,mie,3,synt,tts_google,add_item
TTS Google/synt_146.mp3,synt_146.wav,catat 5 beras,beras,5,synt,tts_google,add_item
TTS Google/synt_147.mp3,synt_147.wav,catat 1 mie,mie,1,synt,tts_google,add_item
TTS Google/synt_148.mp3,synt_148.wav,catat 5 gula,gula,5,synt,tts_google,add_item
TTS Google/synt_149.mp3,synt_149.wav,catat 2 kopi,kopi,2,synt,tts_google,add_item
TTS Google/synt_150.mp3,synt_150.wav,catat 1 telur,telur,1,synt,tts_google,add_item
audio-out/synt_151.wav,synt_151.wav,catat 2 air mineral,air mineral,2,synt,tts_google,add_item
audio-out/synt_152.wav,synt_152.wav,catat 4 susu,susu,4,synt,tts_google,add_item
audio-out/synt_153.wav,synt_153.wav,catat 5 sabun,sabun,5,synt,tts_google,add_item
audio-out/synt_154.wav,synt_154.wav,catat 3 mie,mie,3,synt,tts_google,add_item
audio-out/synt_155.wav,synt_155.wav,catat 5 teh,teh,5,synt,tts_google,add_item
audio-out/synt_156.wav,synt_156.wav,catat 3 minyak,minyak,3,synt,tts_google,add_item
audio-out/synt_157.wav,synt_157.wav,catat 2 sabun,sabun,2,synt,tts_google,add_item
audio-out/synt_158.wav,synt_158.wav,catat 4 beras,beras,4,synt,tts_google,add_item
audio-out/synt_159.wav,synt_159.wav,catat 5 gula,gula,5,synt,tts_google,add_item
audio-out/synt_160.wav,synt_160.wav,catat 3 teh,teh,3,synt,tts_google,add_item
audio-out/synt_161.wav,synt_161.wav,catat 2 telur,telur,2,synt,tts_google,add_item
audio-out/synt_162.wav,synt_162.wav,catat 3 telur,telur,3,synt,tts_google,add_item
audio-out/synt_163.wav,synt_163.wav,catat 5 minyak,minyak,5,synt,tts_google,add_item
audio-out/synt_164.wav,synt_164.wav,catat 2 kopi,kopi,2,synt,tts_google,add_item
audio-out/synt_165.wav,synt_165.wav,catat 1 telur,telur,1,synt,tts_google,add_item
audio-out/synt_166.wav,synt_166.wav,catat 2 beras,beras,2,synt,tts_google,add_item
audio-out/synt_167.wav,synt_167.wav,catat 1 sabun,sabun,1,synt,tts_google,add_item
audio-out/synt_168.wav,synt_168.wav,catat 1 teh,teh,1,synt,tts_google,add_item
audio-out/synt_169.wav,synt_169.wav,catat 3 air mineral,air mineral,3,synt,tts_google,add_item
audio-out/synt_170.wav,synt_170.wav,catat 3 air mineral,air mineral,3,synt,tts_google,add_item
audio-out/synt_171.wav,synt_171.wav,catat 2 mie,mie,2,synt,tts_google,add_item
audio-out/synt_172.wav,synt_172.wav,catat 1 kopi,kopi,1,synt,tts_google,add_item
audio-out/synt_173.wav,synt_173.wav,catat 1 susu,susu,1,synt,tts_google,add_item
audio-out/synt_174.wav,synt_174.wav,catat 4 minyak,minyak,4,synt,tts_google,add_item
audio-out/synt_175.wav,synt_175.wav,catat 1 telur,telur,1,synt,tts_google,add_item
audio-out/synt_176.wav,synt_176.wav,catat 5 susu,susu,5,synt,tts_google,add_item
audio-out/synt_177.wav,synt_177.wav,catat 4 susu,susu,4,synt,tts_google,add_item
audio-out/synt_178.wav,synt_178.wav,catat 5 susu,susu,5,synt,tts_google,add_item
audio-out/synt_179.wav,synt_179.wav,catat 3 air mineral,air mineral,3,synt,tts_google,add_item
audio-out/synt_180.wav,synt_180.wav,catat 4 mie,mie,4,synt,tts_google,add_item
audio-out/synt_181.wav,synt_181.wav,catat 2 minyak,minyak,2,synt,tts_google,add_item
audio-out/synt_182.wav,synt_182.wav,catat 4 telur,telur,4,synt,tts_google,add_item
audio-out/synt_183.wav,synt_183.wav,catat 3 kopi,kopi,3,synt,tts_google,add_item
audio-out/synt_184.wav,synt_184.wav,catat 5 telur,telur,5,synt,tts_google,add_item
audio-out/synt_185.wav,synt_185.wav,catat 3 sabun,sabun,3,synt,tts_google,add_item
audio-out/synt_186.wav,synt_186.wav,catat 2 kopi,kopi,2,synt,tts_google,add_item
audio-out/synt_187.wav,synt_187.wav,catat 2 minyak,minyak,2,synt,tts_google,add_item
audio-out/synt_188.wav,synt_188.wav,catat 2 air mineral,air mineral,2,synt,tts_google,add_item
audio-out/synt_189.wav,synt_189.wav,catat 5 beras,beras,5,synt,tts_google,add_item
audio-out/synt_190.wav,synt_190.wav,catat 5 teh,teh,5,synt,tts_google,add_item
audio-out/synt_191.wav,synt_191.wav,catat 5 beras,beras,5,synt,tts_google,add_item
audio-out/synt_192.wav,synt_192.wav,catat 2 susu,susu,2,synt,tts_google,add_item
audio-out/synt_193.wav,synt_193.wav,catat 3 telur,telur,3,synt,tts_google,add_item
audio-out/synt_194.wav,synt_194.wav,catat 3 beras,beras,3,synt,tts_google,add_item
audio-out/synt_195.wav,synt_195.wav,catat 4 gula,gula,4,synt,tts_google,add_item
audio-out/synt_196.wav,synt_196.wav,catat 4 beras,beras,4,synt,tts_google,add_item
audio-out/synt_197.wav,synt_197.wav,catat 5 minyak,minyak,5,synt,tts_google,add_item
audio-out/synt_198.wav,synt_198.wav,catat 1 air mineral,air mineral,1,synt,tts_google,add_item
audio-out/synt_199.wav,synt_199.wav,catat 4 sabun,sabun,4,synt,tts_google,add_item
audio-out/synt_200.wav,synt_200.wav,catat 4 kopi,kopi,4,synt,tts_google,add_item
audio-out/synt_201.wav,synt_201.wav,catat 3 teh,teh,3,synt,tts_google,add_item
audio-out/synt_202.wav,synt_202.wav,catat 5 air mineral,air mineral,5,synt,tts_google,add_item
audio-out/synt_203.wav,synt_203.wav,catat 2 susu,susu,2,synt,tts_google,add_item
audio-out/synt_204.wav,synt_204.wav,catat 4 telur,telur,4,synt,tts_google,add_item
audio-out/synt_205.wav,synt_205.wav,catat 4 beras,beras,4,synt,tts_google,add_item
audio-out/synt_206.wav,synt_206.wav,catat 3 mie,mie,3,synt,tts_google,add_item
audio-out/synt_207.wav,synt_207.wav,catat 4 kopi,kopi,4,synt,tts_google,add_item
audio-out/synt_208.wav,synt_208.wav,catat 2 susu,susu,2,synt,tts_google,add_item
audio-out/synt_209.wav,synt_209.wav,catat 1 mie,mie,1,synt,tts_google,add_item
audio-out/synt_210.wav,synt_210.wav,catat 1 gula,gula,1,synt,tts_google,add_item
audio-out/synt_211.wav,synt_211.wav,catat 1 gula,gula,1,synt,tts_google,add_item
audio-out/synt_212.wav,synt_212.wav,catat 5 air mineral,air mineral,5,synt,tts_google,add_item
audio-out/synt_213.wav,synt_213.wav,catat 4 minyak,minyak,4,synt,tts_google,add_item
audio-out/synt_214.wav,synt_214.wav,catat 5 minyak,minyak,5,synt,tts_google,add_item
audio-out/synt_215.wav,synt_215.wav,catat 5 susu,susu,5,synt,tts_google,add_item
audio-out/synt_216.wav,synt_216.wav,catat 4 mie,mie,4,synt,tts_google,add_item
audio-out/synt_217.wav,synt_217.wav,catat 5 kopi,kopi,5,synt,tts_google,add_item
audio-out/synt_218.wav,synt_218.wav,catat 3 minyak,minyak,3,synt,tts_google,add_item
audio-out/synt_219.wav,synt_219.wav,catat 1 telur,telur,1,synt,tts_google,add_item
audio-out/synt_220.wav,synt_220.wav,catat 2 sabun,sabun,2,synt,tts_google,add_item
audio-out/synt_221.wav,synt_221.wav,catat 3 mie,mie,3,synt,tts_google,add_item
audio-out/synt_222.wav,synt_222.wav,catat 4 susu,susu,4,synt,tts_google,add_item
audio-out/synt_223.wav,synt_223.wav,catat 3 teh,teh,3,synt,tts_google,add_item
audio-out/synt_224.wav,synt_224.wav,catat 5 gula,gula,5,synt,tts_google,add_item
audio-out/synt_225.wav,synt_225.wav,catat 3 telur,telur,3,synt,tts_google,add_item
audio-out/synt_226.wav,synt_226.wav,catat 2 gula,gula,2,synt,tts_google,add_item
audio-out/synt_227.wav,synt_227.wav,catat 5 gula,gula,5,synt,tts_google,add_item
audio-out/synt_228.wav,synt_228.wav,catat 5 telur,telur,5,synt,tts_google,add_item
audio-out/synt_229.wav,synt_229.wav,catat 4 beras,beras,4,synt,tts_google,add_item
audio-out/synt_230.wav,synt_230.wav,catat 5 teh,teh,5,synt,tts_google,add_item
audio-out/synt_231.wav,synt_231.wav,catat 4 kopi,kopi,4,synt,tts_google,add_item
audio-out/synt_232.wav,synt_232.wav,catat 4 susu,susu,4,synt,tts_google,add_item
audio-out/synt_233.wav,synt_233.wav,catat 2 telur,telur,2,synt,tts_google,add_item
audio-out/synt_234.wav,synt_234.wav,catat 2 beras,beras,2,synt,tts_google,add_item
audio-out/synt_235.wav,synt_235.wav,catat 3 sabun,sabun,3,synt,tts_google,add_item
audio-out/synt_236.wav,synt_236.wav,catat 5 mie,mie,5,synt,tts_google,add_item
audio-out/synt_237.wav,synt_237.wav,catat 5 susu,susu,5,synt,tts_google,add_item
audio-out/synt_238.wav,synt_238.wav,catat 4 telur,telur,4,synt,tts_google,add_item
audio-out/synt_239.wav,synt_239.wav,catat 5 gula,gula,5,synt,tts_google,add_item
audio-out/synt_240.wav,synt_240.wav,catat 5 teh,teh,5,synt,tts_google,add_item
audio-out/synt_241.wav,synt_241.wav,catat 2 mie,mie,2,synt,tts_google,add_item
audio-out/synt_242.wav,synt_242.wav,catat 2 minyak,minyak,2,synt,tts_google,add_item
audio-out/synt_243.wav,synt_243.wav,catat 1 mie,mie,1,synt,tts_google,add_item
audio-out/synt_244.wav,synt_244.wav,catat 4 kopi,kopi,4,synt,tts_google,add_item
audio-out/synt_245.wav,synt_245.wav,catat 2 telur,telur,2,synt,tts_google,add_item
audio-out/synt_246.wav,synt_246.wav,catat 4 minyak,minyak,4,synt,tts_google,add_item
audio-out/synt_247.wav,synt_247.wav,catat 3 gula,gula,3,synt,tts_google,add_item
audio-out/synt_248.wav,synt_248.wav,catat 2 beras,beras,2,synt,tts_google,add_item
audio-out/synt_249.wav,synt_249.wav,catat 1 gula,gula,1,synt,tts_google,add_item
audio-out/synt_250.wav,synt_250.wav,catat 3 teh,teh,3,synt,tts_google,add_item
audio-out/synt_251.wav,synt_251.wav,catat 1 teh,teh,1,synt,tts_google,add_item
audio-out/synt_252.wav,synt_252.wav,catat 5 mie,mie,5,synt,tts_google,add_item
audio-out/synt_253.wav,synt_253.wav,catat 3 sabun,sabun,3,synt,tts_google,add_item
audio-out/synt_254.wav,synt_254.wav,catat 1 mie,mie,1,synt,tts_google,add_item
audio-out/synt_255.wav,synt_255.wav,catat 5 air mineral,air mineral,5,synt,tts_google,add_item
audio-out/synt_256.wav,synt_256.wav,catat 1 teh,teh,1,synt,tts_google,add_item
audio-out/synt_257.wav,synt_257.wav,catat 2 mie,mie,2,synt,tts_google,add_item
audio-out/synt_258.wav,synt_258.wav,catat 1 susu,susu,1,synt,tts_google,add_item
audio-out/synt_259.wav,synt_259.wav,catat 3 air mineral,air mineral,3,synt,tts_google,add_item
audio-out/synt_260.wav,synt_260.wav,catat 4 minyak,minyak,4,synt,tts_google,add_item
audio-out/synt_261.wav,synt_261.wav,catat 5 beras,beras,5,synt,tts_google,add_item
audio-out/synt_262.wav,synt_262.wav,catat 4 kopi,kopi,4,synt,tts_google,add_item
audio-out/synt_263.wav,synt_263.wav,catat 4 air mineral,air mineral,4,synt,tts_google,add_item
audio-out/synt_264.wav,synt_264.wav,catat 4 sabun,sabun,4,synt,tts_google,add_item
audio-out/synt_265.wav,synt_265.wav,catat 1 telur,telur,1,synt,tts_google,add_item
audio-out/synt_266.wav,synt_266.wav,catat 4 telur,telur,4,synt,tts_google,add_item
audio-out/synt_267.wav,synt_267.wav,catat 3 mie,mie,3,synt,tts_google,add_item
audio-out/synt_268.wav,synt_268.wav,catat 1 mie,mie,1,synt,tts_google,add_item
audio-out/synt_269.wav,synt_269.wav,catat 4 air mineral,air mineral,4,synt,tts_google,add_item
audio-out/synt_270.wav,synt_270.wav,catat 4 teh,teh,4,synt,tts_google,add_item
audio-out/synt_271.wav,synt_271.wav,catat 4 gula,gula,4,synt,tts_google,add_item
audio-out/synt_272.wav,synt_272.wav,catat 2 teh,teh,2,synt,tts_google,add_item
audio-out/synt_273.wav,synt_273.wav,catat 2 mie,mie,2,synt,tts_google,add_item
audio-out/synt_274.wav,synt_274.wav,catat 2 air mineral,air mineral,2,synt,tts_google,add_item
audio-out/synt_275.wav,synt_275.wav,catat 4 gula,gula,4,synt,tts_google,add_item
audio-out/synt_276.wav,synt_276.wav,catat 3 mie,mie,3,synt,tts_google,add_item
audio-out/synt_277.wav,synt_277.wav,catat 5 kopi,kopi,5,synt,tts_google,add_item
audio-out/synt_278.wav,synt_278.wav,catat 1 telur,telur,1,synt,tts_google,add_item
audio-out/synt_279.wav,synt_279.wav,catat 1 kopi,kopi,1,synt,tts_google,add_item
audio-out/synt_280.wav,synt_280.wav,catat 2 telur,telur,2,synt,tts_google,add_item
audio-out/synt_281.wav,synt_281.wav,catat 3 kopi,kopi,3,synt,tts_google,add_item
audio-out/synt_282.wav,synt_282.wav,catat 5 telur,telur,5,synt,tts_google,add_item
audio-out/synt_283.wav,synt_283.wav,catat 5 kopi,kopi,5,synt,tts_google,add_item
audio-out/synt_284.wav,synt_284.wav,catat 1 susu,susu,1,synt,tts_google,add_item
audio-out/synt_285.wav,synt_285.wav,catat 5 air mineral,air mineral,5,synt,tts_google,add_item
audio-out/synt_286.wav,synt_286.wav,catat 4 teh,teh,4,synt,tts_google,add_item
audio-out/synt_287.wav,synt_287.wav,catat 1 kopi,kopi,1,synt,tts_google,add_item
audio-out/synt_288.wav,synt_288.wav,catat 4 gula,gula,4,synt,tts_google,add_item
audio-out/synt_289.wav,synt_289.wav,catat 3 telur,telur,3,synt,tts_google,add_item
audio-out/synt_290.wav,synt_290.wav,catat 3 teh,teh,3,synt,tts_google,add_item
audio-out/synt_291.wav,synt_291.wav,catat 1 sabun,sabun,1,synt,tts_google,add_item
audio-out/synt_292.wav,synt_292.wav,catat 1 mie,mie,1,synt,tts_google,add_item
audio-out/synt_293.wav,synt_293.wav,catat 5 air mineral,air mineral,5,synt,tts_google,add_item
audio-out/synt_294.wav,synt_294.wav,catat 1 mie,mie,1,synt,tts_google,add_item
audio-out/synt_295.wav,synt_295.wav,catat 3 kopi,kopi,3,synt,tts_google,add_item
audio-out/synt_296.wav,synt_296.wav,catat 3 sabun,sabun,3,synt,tts_google,add_item
audio-out/synt_297.wav,synt_297.wav,catat 3 teh,teh,3,synt,tts_google,add_item
audio-out/synt_298.wav,synt_298.wav,catat 1 gula,gula,1,synt,tts_google,add_item
audio-out/synt_299.wav,synt_299.wav,catat 1 telur,telur,1,synt,tts_google,add_item
audio-out/synt_300.wav,synt_300.wav,catat 4 minyak,minyak,4,synt,tts_google,add_item
audio-out/synt_301.wav,synt_301.wav,catat 2 gula,gula,2,synt,tts_google,add_item
audio-out/synt_302.wav,synt_302.wav,catat 3 sabun,sabun,3,synt,tts_google,add_item
audio-out/synt_303.wav,synt_303.wav,catat 5 teh,teh,5,synt,tts_google,add_item
audio-out/synt_304.wav,synt_304.wav,catat 2 teh,teh,2,synt,tts_google,add_item
audio-out/synt_305.wav,synt_305.wav,catat 1 teh,teh,1,synt,tts_google,add_item
audio-out/synt_306.wav,synt_306.wav,catat 1 kopi,kopi,1,synt,tts_google,add_item
audio-out/synt_307.wav,synt_307.wav,catat 1 air mineral,air mineral,1,synt,tts_google,add_item
audio-out/synt_308.wav,synt_308.wav,catat 2 sabun,sabun,2,synt,tts_google,add_item
audio-out/synt_309.wav,synt_309.wav,catat 1 air mineral,air mineral,1,synt,tts_google,add_item
audio-out/synt_310.wav,synt_310.wav,catat 3 beras,beras,3,synt,tts_google,add_item
audio-out/synt_311.wav,synt_311.wav,catat 1 mie,mie,1,synt,tts_google,add_item
audio-out/synt_312.wav,synt_312.wav,catat 5 gula,gula,5,synt,tts_google,add_item
audio-out/synt_313.wav,synt_313.wav,catat 2 kopi,kopi,2,synt,tts_google,add_item
audio-out/synt_314.wav,synt_314.wav,catat 5 teh,teh,5,synt,tts_google,add_item
audio-out/synt_315.wav,synt_315.wav,catat 2 air mineral,air mineral,2,synt,tts_google,add_item
audio-out/synt_316.wav,synt_316.wav,catat 2 air mineral,air mineral,2,synt,tts_google,add_item
audio-out/synt_317.wav,synt_317.wav,catat 4 beras,beras,4,synt,tts_google,add_item
audio-out/synt_318.wav,synt_318.wav,catat 1 beras,beras,1,synt,tts_google,add_item
audio-out/synt_319.wav,synt_319.wav,catat 2 telur,telur,2,synt,tts_google,add_item
audio-out/synt_320.wav,synt_320.wav,catat 1 mie,mie,1,synt,tts_google,add_item
audio-out/synt_321.wav,synt_321.wav,catat 5 beras,beras,5,synt,tts_google,add_item
audio-out/synt_322.wav,synt_322.wav,catat 4 minyak,minyak,4,synt,tts_google,add_item
audio-out/synt_323.wav,synt_323.wav,catat 1 susu,susu,1,synt,tts_google,add_item
audio-out/synt_324.wav,synt_324.wav,catat 2 telur,telur,2,synt,tts_google,add_item
audio-out/synt_325.wav,synt_325.wav,catat 4 minyak,minyak,4,synt,tts_google,add_item
audio-out/synt_326.wav,synt_326.wav,catat 2 minyak,minyak,2,synt,tts_google,add_item
audio-out/synt_327.wav,synt_327.wav,catat 1 susu,susu,1,synt,tts_google,add_item
audio-out/synt_328.wav,synt_328.wav,catat 3 susu,susu,3,synt,tts_google,add_item
audio-out/synt_329.wav,synt_329.wav,catat 1 telur,telur,1,synt,tts_google,add_item
audio-out/synt_330.wav,synt_330.wav,catat 4 sabun,sabun,4,synt,tts_google,add_item
audio-out/synt_331.wav,synt_331.wav,catat 1 minyak,minyak,1,synt,tts_google,add_item
audio-out/synt_332.wav,synt_332.wav,catat 2 telur,telur,2,synt,tts_google,add_item
audio-out/synt_333.wav,synt_333.wav,catat 2 teh,teh,2,synt,tts_google,add_item
audio-out/synt_334.wav,synt_334.wav,catat 2 mie,mie,2,synt,tts_google,add_item
audio-out/synt_335.wav,synt_335.wav,catat 1 mie,mie,1,synt,tts_google,add_item
audio-out/synt_336.wav,synt_336.wav,catat 4 minyak,minyak,4,synt,tts_google,add_item
audio-out/synt_337.wav,synt_337.wav,catat 5 beras,beras,5,synt,tts_google,add_item
audio-out/synt_338.wav,synt_338.wav,catat 3 telur,telur,3,synt,tts_google,add_item
audio-out/synt_339.wav,synt_339.wav,catat 5 telur,telur,5,synt,tts_google,add_item
audio-out/synt_340.wav,synt_340.wav,catat 2 minyak,minyak,2,synt,tts_google,add_item
audio-out/synt_341.wav,synt_341.wav,catat 2 beras,beras,2,synt,tts_google,add_item
audio-out/synt_342.wav,synt_342.wav,catat 1 sabun,sabun,1,synt,tts_google,add_item
audio-out/synt_343.wav,synt_343.wav,catat 5 susu,susu,5,synt,tts_google,add_item
audio-out/synt_344.wav,synt_344.wav,catat 1 air mineral,air mineral,1,synt,tts_google,add_item
audio-out/synt_345.wav,synt_345.wav,catat 1 gula,gula,1,synt,tts_google,add_item
audio-out/synt_346.wav,synt_346.wav,catat 5 air mineral,air mineral,5,synt,tts_google,add_item
audio-out/synt_347.wav,synt_347.wav,catat 3 beras,beras,3,synt,tts_google,add_item
audio-out/synt_348.wav,synt_348.wav,catat 2 teh,teh,2,synt,tts_google,add_item
audio-out/synt_349.wav,synt_349.wav,catat 3 gula,gula,3,synt,tts_google,add_item
audio-out/synt_350.wav,synt_350.wav,catat 4 kopi,kopi,4,synt,tts_google,add_item
audio-out/synt_351.wav,synt_351.wav,catat 2 mie,mie,2,synt,tts_google,add_item
audio-out/synt_352.wav,synt_352.wav,catat 2 minyak,minyak,2,synt,tts_google,add_item
audio-out/synt_353.wav,synt_353.wav,catat 2 gula,gula,2,synt,tts_google,add_item
audio-out/synt_354.wav,synt_354.wav,catat 3 kopi,kopi,3,synt,tts_google,add_item
audio-out/synt_355.wav,synt_355.wav,catat 5 teh,teh,5,synt,tts_google,add_item
audio-out/synt_356.wav,synt_356.wav,catat 1 susu,susu,1,synt,tts_google,add_item
audio-out/synt_357.wav,synt_357.wav,catat 2 susu,susu,2,synt,tts_google,add_item
audio-out/synt_358.wav,synt_358.wav,catat 4 mie,mie,4,synt,tts_google,add_item
audio-out/synt_359.wav,synt_359.wav,catat 1 sabun,sabun,1,synt,tts_google,add_item
audio-out/synt_360.wav,synt_360.wav,catat 4 kopi,kopi,4,synt,tts_google,add_item
audio-out/synt_361.wav,synt_361.wav,catat 5 mie,mie,5,synt,tts_google,add_item
audio-out/synt_362.wav,synt_362.wav,catat 1 sabun,sabun,1,synt,tts_google,add_item
audio-out/synt_363.wav,synt_363.wav,catat 1 telur,telur,1,synt,tts_google,add_item
audio-out/synt_364.wav,synt_364.wav,catat 3 teh,teh,3,synt,tts_google,add_item
audio-out/synt_365.wav,synt_365.wav,catat 3 susu,susu,3,synt,tts_google,add_item
audio-out/synt_366.wav,synt_366.wav,catat 2 telur,telur,2,synt,tts_google,add_item
audio-out/synt_367.wav,synt_367.wav,catat 3 beras,beras,3,synt,tts_google,add_item
audio-out/synt_368.wav,synt_368.wav,catat 5 beras,beras,5,synt,tts_google,add_item
audio-out/synt_369.wav,synt_369.wav,catat 3 kopi,kopi,3,synt,tts_google,add_item
audio-out/synt_370.wav,synt_370.wav,catat 3 teh,teh,3,synt,tts_google,add_item
audio-out/synt_371.wav,synt_371.wav,catat 5 air mineral,air mineral,5,synt,tts_google,add_item
audio-out/synt_372.wav,synt_372.wav,catat 3 minyak,minyak,3,synt,tts_google,add_item
audio-out/synt_373.wav,synt_373.wav,catat 3 air mineral,air mineral,3,synt,tts_google,add_item
audio-out/synt_374.wav,synt_374.wav,catat 1 telur,telur,1,synt,tts_google,add_item
audio-out/synt_375.wav,synt_375.wav,catat 4 air mineral,air mineral,4,synt,tts_google,add_item
audio-out/synt_376.wav,synt_376.wav,catat 4 susu,susu,4,synt,tts_google,add_item
audio-out/synt_377.wav,synt_377.wav,catat 3 beras,beras,3,synt,tts_google,add_item
audio-out/synt_378.wav,synt_378.wav,catat 2 telur,telur,2,synt,tts_google,add_item
audio-out/synt_379.wav,synt_379.wav,catat 2 sabun,sabun,2,synt,tts_google,add_item
audio-out/synt_380.wav,synt_380.wav,catat 5 mie,mie,5,synt,tts_google,add_item
audio-out/synt_381.wav,synt_381.wav,catat 1 minyak,minyak,1,synt,tts_google,add_item
audio-out/synt_382.wav,synt_382.wav,catat 2 gula,gula,2,synt,tts_google,add_item
audio-out/synt_383.wav,synt_383.wav,catat 4 telur,telur,4,synt,tts_google,add_item
audio-out/synt_384.wav,synt_384.wav,catat 4 mie,mie,4,synt,tts_google,add_item
audio-out/synt_385.wav,synt_385.wav,catat 4 teh,teh,4,synt,tts_google,add_item
audio-out/synt_386.wav,synt_386.wav,catat 3 sabun,sabun,3,synt,tts_google,add_item
audio-out/synt_387.wav,synt_387.wav,catat 4 susu,susu,4,synt,tts_google,add_item
audio-out/synt_388.wav,synt_388.wav,catat 3 minyak,minyak,3,synt,tts_google,add_item
audio-out/synt_389.wav,synt_389.wav,catat 3 beras,beras,3,synt,tts_google,add_item
audio-out/synt_390.wav,synt_390.wav,catat 3 kopi,kopi,3,synt,tts_google,add_item
audio-out/synt_391.wav,synt_391.wav,catat 5 beras,beras,5,synt,tts_google,add_item
audio-out/synt_392.wav,synt_392.wav,catat 4 beras,beras,4,synt,tts_google,add_item
audio-out/synt_393.wav,synt_393.wav,catat 1 teh,teh,1,synt,tts_google,add_item
audio-out/synt_394.wav,synt_394.wav,catat 5 telur,telur,5,synt,tts_google,add_item
audio-out/synt_395.wav,synt_395.wav,catat 2 sabun,sabun,2,synt,tts_google,add_item
audio-out/synt_396.wav,synt_396.wav,catat 5 kopi,kopi,5,synt,tts_google,add_item
audio-out/synt_397.wav,synt_397.wav,catat 5 sabun,sabun,5,synt,tts_google,add_item
audio-out/synt_398.wav,synt_398.wav,catat 3 telur,telur,3,synt,tts_google,add_item
audio-out/synt_399.wav,synt_399.wav,catat 1 mie,mie,1,synt,tts_google,add_item
audio-out/synt_400.wav,synt_400.wav,catat 1 susu,susu,1,synt,tts_google,add_item
TTS Google/synt_401.mp3,synt_401.wav,catat 2 gula,gula,2,synt,tts_google,add_item
TTS Google/synt_402.mp3,synt_402.wav,catat 4 gula,gula,4,synt,tts_google,add_item
TTS Google/synt_403.mp3,synt_403.wav,catat 5 teh,teh,5,synt,tts_google,add_item
TTS Google/synt_404.mp3,synt_404.wav,catat 3 air mineral,air mineral,3,synt,tts_google,add_item
TTS Google/synt_405.mp3,synt_405.wav,catat 4 mie,mie,4,synt,tts_google,add_item
TTS Google/synt_406.mp3,synt_406.wav,catat 4 mie,mie,4,synt,tts_google,add_item
TTS Google/synt_407.mp3,synt_407.wav,catat 3 telur,telur,3,synt,tts_google,add_item
TTS Google/synt_408.mp3,synt_408.wav,catat 4 teh,teh,4,synt,tts_google,add_item
TTS Google/synt_409.mp3,synt_409.wav,catat 5 telur,telur,5,synt,tts_google,add_item
TTS Google/synt_410.mp3,synt_410.wav,catat 1 kopi,kopi,1,synt,tts_google,add_item
TTS Google/synt_411.mp3,synt_411.wav,catat 2 susu,susu,2,synt,tts_google,add_item
TTS Google/synt_412.mp3,synt_412.wav,catat 2 sabun,sabun,2,synt,tts_google,add_item
TTS Google/synt_413.mp3,synt_413.wav,catat 1 sabun,sabun,1,synt,tts_google,add_item
TTS Google/synt_414.mp3,synt_414.wav,catat 5 beras,beras,5,synt,tts_google,add_item
TTS Google/synt_415.mp3,synt_415.wav,catat 4 gula,gula,4,synt,tts_google,add_item
TTS Google/synt_416.mp3,synt_416.wav,catat 5 air mineral,air mineral,5,synt,tts_google,add_item
TTS Google/synt_417.mp3,synt_417.wav,catat 1 air mineral,air mineral,1,synt,tts_google,add_item
TTS Google/synt_418.mp3,synt_418.wav,catat 4 mie,mie,4,synt,tts_google,add_item
TTS Google/synt_419.mp3,synt_419.wav,catat 3 teh,teh,3,synt,tts_google,add_item
TTS Google/synt_420.mp3,synt_420.wav,catat 1 kopi,kopi,1,synt,tts_google,add_item
TTS Google/synt_421.mp3,synt_421.wav,catat 1 gula,gula,1,synt,tts_google,add_item
TTS Google/synt_422.mp3,synt_422.wav,catat 5 kopi,kopi,5,synt,tts_google,add_item
TTS Google/synt_423.mp3,synt_423.wav,catat 3 sabun,sabun,3,synt,tts_google,add_item
TTS Google/synt_424.mp3,synt_424.wav,catat 2 minyak,minyak,2,synt,tts_google,add_item
TTS Google/synt_425.mp3,synt_425.wav,catat 1 air mineral,air mineral,1,synt,tts_google,add_item
TTS Google/synt_426.mp3,synt_426.wav,catat 4 susu,susu,4,synt,tts_google,add_item
TTS Google/synt_427.mp3,synt_427.wav,catat 1 kopi,kopi,1,synt,tts_google,add_item
TTS Google/synt_428.mp3,synt_428.wav,catat 3 sabun,sabun,3,synt,tts_google,add_item
TTS Google/synt_429.mp3,synt_429.wav,catat 3 gula,gula,3,synt,tts_google,add_item
TTS Google/synt_430.mp3,synt_430.wav,catat 1 minyak,minyak,1,synt,tts_google,add_item
TTS Google/synt_431.mp3,synt_431.wav,catat 1 mie,mie,1,synt,tts_google,add_item
TTS Google/synt_432.mp3,synt_432.wav,catat 2 telur,telur,2,synt,tts_google,add_item
TTS Google/synt_433.mp3,synt_433.wav,catat 4 teh,teh,4,synt,tts_google,add_item
TTS Google/synt_434.mp3,synt_434.wav,catat 5 telur,telur,5,synt,tts_google,add_item
TTS Google/synt_435.mp3,synt_435.wav,catat 5 telur,telur,5,synt,tts_google,add_item
TTS Google/synt_436.mp3,synt_436.wav,catat 2 minyak,minyak,2,synt,tts_google,add_item
TTS Google/synt_437.mp3,synt_437.wav,catat 2 air mineral,air mineral,2,synt,tts_google,add_item
TTS Google/synt_438.mp3,synt_438.wav,catat 1 telur,telur,1,synt,tts_google,add_item
TTS Google/synt_439.mp3,synt_439.wav,catat 1 susu,susu,1,synt,tts_google,add_item
TTS Google/synt_440.mp3,synt_440.wav,catat 4 minyak,minyak,4,synt,tts_google,add_item
TTS Google/synt_441.mp3,synt_441.wav,catat 3 air mineral,air mineral,3,synt,tts_google,add_item
TTS Google/synt_442.mp3,synt_442.wav,catat 3 teh,teh,3,synt,tts_google,add_item
TTS Google/synt_443.mp3,synt_443.wav,catat 5 kopi,kopi,5,synt,tts_google,add_item
TTS Google/synt_444.mp3,synt_444.wav,catat 1 air mineral,air mineral,1,synt,tts_google,add_item
TTS Google/synt_445.mp3,synt_445.wav,catat 3 gula,gula,3,synt,tts_google,add_item
TTS Google/synt_446.mp3,synt_446.wav,catat 5 sabun,sabun,5,synt,tts_google,add_item
TTS Google/synt_447.mp3,synt_447.wav,catat 4 air mineral,air mineral,4,synt,tts_google,add_item
TTS Google/synt_448.mp3,synt_448.wav,catat 3 gula,gula,3,synt,tts_google,add_item
TTS Google/synt_449.mp3,synt_449.wav,catat 1 telur,telur,1,synt,tts_google,add_item
TTS Google/synt_450.mp3,synt_450.wav,catat 1 telur,telur,1,synt,tts_google,add_item
TTS Google/synt_451.mp3,synt_451.wav,catat 1 susu,susu,1,synt,tts_google,add_item
TTS Google/synt_452.mp3,synt_452.wav,catat 1 teh,teh,1,synt,tts_google,add_item
TTS Google/synt_453.mp3,synt_453.wav,catat 1 beras,beras,1,synt,tts_google,add_item
TTS Google/synt_454.mp3,synt_454.wav,catat 2 kopi,kopi,2,synt,tts_google,add_item
TTS Google/synt_455.mp3,synt_455.wav,catat 2 kopi,kopi,2,synt,tts_google,add_item
TTS Google/synt_456.mp3,synt_456.wav,catat 5 telur,telur,5,synt,tts_google,add_item
TTS Google/synt_457.mp3,synt_457.wav,catat 2 air mineral,air mineral,2,synt,tts_google,add_item
TTS Google/synt_458.mp3,synt_458.wav,catat 1 susu,susu,1,synt,tts_google,add_item
TTS Google/synt_459.mp3,synt_459.wav,catat 5 kopi,kopi,5,synt,tts_google,add_item
TTS Google/synt_460.mp3,synt_460.wav,catat 2 minyak,minyak,2,synt,tts_google,add_item
TTS Google/synt_461.mp3,synt_461.wav,catat 2 telur,telur,2,synt,tts_google,add_item
TTS Google/synt_462.mp3,synt_462.wav,catat 1 gula,gula,1,synt,tts_google,add_item
TTS Google/synt_463.mp3,synt_463.wav,catat 4 kopi,kopi,4,synt,tts_google,add_item
TTS Google/synt_464.mp3,synt_464.wav,catat 2 beras,beras,2,synt,tts_google,add_item
TTS Google/synt_465.mp3,synt_465.wav,catat 4 mie,mie,4,synt,tts_google,add_item
TTS Google/synt_466.mp3,synt_466.wav,catat 3 telur,telur,3,synt,tts_google,add_item
TTS Google/synt_467.mp3,synt_467.wav,catat 2 minyak,minyak,2,synt,tts_google,add_item
TTS Google/synt_468.mp3,synt_468.wav,catat 1 mie,mie,1,synt,tts_google,add_item
TTS Google/synt_469.mp3,synt_469.wav,catat 2 air mineral,air mineral,2,synt,tts_google,add_item
TTS Google/synt_470.mp3,synt_470.wav,catat 1 minyak,minyak,1,synt,tts_google,add_item
TTS Google/synt_471.mp3,synt_471.wav,catat 2 air mineral,air mineral,2,synt,tts_google,add_item
TTS Google/synt_472.mp3,synt_472.wav,catat 3 mie,mie,3,synt,tts_google,add_item
TTS Google/synt_473.mp3,synt_473.wav,catat 3 sabun,sabun,3,synt,tts_google,add_item
TTS Google/synt_474.mp3,synt_474.wav,catat 3 telur,telur,3,synt,tts_google,add_item
TTS Google/synt_475.mp3,synt_475.wav,catat 1 beras,beras,1,synt,tts_google,add_item
TTS Google/synt_476.mp3,synt_476.wav,catat 5 telur,telur,5,synt,tts_google,add_item
TTS Google/synt_477.mp3,synt_477.wav,catat 1 air mineral,air mineral,1,synt,tts_google,add_item
TTS Google/synt_478.mp3,synt_478.wav,catat 1 minyak,minyak,1,synt,tts_google,add_item
TTS Google/synt_479.mp3,synt_479.wav,catat 4 beras,beras,4,synt,tts_google,add_item
TTS Google/synt_480.mp3,synt_480.wav,catat 3 teh,teh,3,synt,tts_google,add_item
TTS Google/synt_481.mp3,synt_481.wav,catat 1 minyak,minyak,1,synt,tts_google,add_item
TTS Google/synt_482.mp3,synt_482.wav,catat 2 teh,teh,2,synt,tts_google,add_item
TTS Google/synt_483.mp3,synt_483.wav,catat 2 telur,telur,2,synt,tts_google,add_item
TTS Google/synt_484.mp3,synt_484.wav,catat 5 telur,telur,5,synt,tts_google,add_item
TTS Google/synt_485.mp3,synt_485.wav,catat 5 kopi,kopi,5,synt,tts_google,add_item
TTS Google/synt_486.mp3,synt_486.wav,catat 4 air mineral,air mineral,4,synt,tts_google,add_item
TTS Google/synt_487.mp3,synt_487.wav,catat 2 sabun,sabun,2,synt,tts_google,add_item
TTS Google/synt_488.mp3,synt_488.wav,catat 2 minyak,minyak,2,synt,tts_google,add_item
TTS Google/synt_489.mp3,synt_489.wav,catat 1 beras,beras,1,synt,tts_google,add_item
TTS Google/synt_490.mp3,synt_490.wav,catat 1 minyak,minyak,1,synt,tts_google,add_item
TTS Google/synt_491.mp3,synt_491.wav,catat 2 minyak,minyak,2,synt,tts_google,add_item
TTS Google/synt_492.mp3,synt_492.wav,catat 3 kopi,kopi,3,synt,tts_google,add_item
TTS Google/synt_493.mp3,synt_493.wav,catat 5 gula,gula,5,synt,tts_google,add_item
TTS Google/synt_494.mp3,synt_494.wav,catat 5 air mineral,air mineral,5,synt,tts_google,add_item
TTS Google/synt_495.mp3,synt_495.wav,catat 3 gula,gula,3,synt,tts_google,add_item
TTS Google/synt_496.mp3,synt_496.wav,catat 2 susu,susu,2,synt,tts_google,add_item
TTS Google/synt_497.mp3,synt_497.wav,catat 4 susu,susu,4,synt,tts_google,add_item
TTS Google/synt_498.mp3,synt_498.wav,catat 2 minyak,minyak,2,synt,tts_google,add_item
TTS Google/synt_499.mp3,synt_499.wav,catat 1 teh,teh,1,synt,tts_google,add_item
TTS Google/synt_500.mp3,synt_500.wav,catat 4 teh,teh,4,synt,tts_google,add_item
TTS Google/synt_501.mp3,synt_501.wav,catat 5 air mineral,air mineral,5,synt,tts_google,add_item
TTS Google/synt_502.mp3,synt_502.wav,catat 4 susu,susu,4,synt,tts_google,add_item
TTS Google/synt_503.mp3,synt_503.wav,catat 5 sabun,sabun,5,synt,tts_google,add_item
TTS Google/synt_504.mp3,synt_504.wav,catat 4 air mineral,air mineral,4,synt,tts_google,add_item
TTS Google/synt_505.mp3,synt_505.wav,catat 4 air mineral,air mineral,4,synt,tts_google,add_item
TTS Google/synt_506.mp3,synt_506.wav,catat 1 kopi,kopi,1,synt,tts_google,add_item
TTS Google/synt_507.mp3,synt_507.wav,catat 1 minyak,minyak,1,synt,tts_google,add_item
TTS Google/synt_508.mp3,synt_508.wav,catat 1 sabun,sabun,1,synt,tts_google,add_item
TTS Google/synt_509.mp3,synt_509.wav,catat 5 mie,mie,5,synt,tts_google,add_item
TTS Google/synt_510.mp3,synt_510.wav,catat 1 gula,gula,1,synt,tts_google,add_item
TTS Google/synt_511.mp3,synt_511.wav,catat 5 minyak,minyak,5,synt,tts_google,add_item
TTS Google/synt_512.mp3,synt_512.wav,catat 4 sabun,sabun,4,synt,tts_google,add_item
TTS Google/synt_513.mp3,synt_513.wav,catat 5 mie,mie,5,synt,tts_google,add_item
TTS Google/synt_514.mp3,synt_514.wav,catat 3 air mineral,air mineral,3,synt,tts_google,add_item
TTS Google/synt_515.mp3,synt_515.wav,catat 1 teh,teh,1,synt,tts_google,add_item
TTS Google/synt_516.mp3,synt_516.wav,catat 5 sabun,sabun,5,synt,tts_google,add_item
TTS Google/synt_517.mp3,synt_517.wav,catat 5 mie,mie,5,synt,tts_google,add_item
TTS Google/synt_518.mp3,synt_518.wav,catat 2 sabun,sabun,2,synt,tts_google,add_item
TTS Google/synt_519.mp3,synt_519.wav,catat 2 minyak,minyak,2,synt,tts_google,add_item
TTS Google/synt_520.mp3,synt_520.wav,catat 4 minyak,minyak,4,synt,tts_google,add_item
TTS Google/synt_521.mp3,synt_521.wav,catat 2 kopi,kopi,2,synt,tts_google,add_item
TTS Google/synt_522.mp3,synt_522.wav,catat 2 minyak,minyak,2,synt,tts_google,add_item
TTS Google/synt_523.mp3,synt_523.wav,catat 4 gula,gula,4,synt,tts_google,add_item
TTS Google/synt_524.mp3,synt_524.wav,catat 5 teh,teh,5,synt,tts_google,add_item
TTS Google/synt_525.mp3,synt_525.wav,catat 2 teh,teh,2,synt,tts_google,add_item
TTS Google/synt_526.mp3,synt_526.wav,catat 5 beras,beras,5,synt,tts_google,add_item
TTS Google/synt_527.mp3,synt_527.wav,catat 3 sabun,sabun,3,synt,tts_google,add_item
TTS Google/synt_528.mp3,synt_528.wav,catat 4 susu,susu,4,synt,tts_google,add_item
TTS Google/synt_529.mp3,synt_529.wav,catat 5 teh,teh,5,synt,tts_google,add_item
TTS Google/synt_530.mp3,synt_530.wav,catat 1 beras,beras,1,synt,tts_google,add_item
TTS Google/synt_531.mp3,synt_531.wav,catat 5 teh,teh,5,synt,tts_google,add_item
TTS Google/synt_532.mp3,synt_532.wav,catat 1 beras,beras,1,synt,tts_google,add_item
TTS Google/synt_533.mp3,synt_533.wav,catat 1 minyak,minyak,1,synt,tts_google,add_item
TTS Google/synt_534.mp3,synt_534.wav,catat 2 mie,mie,2,synt,tts_google,add_item
TTS Google/synt_535.mp3,synt_535.wav,catat 4 air mineral,air mineral,4,synt,tts_google,add_item
TTS Google/synt_536.mp3,synt_536.wav,catat 1 susu,susu,1,synt,tts_google,add_item
TTS Google/synt_537.mp3,synt_537.wav,catat 4 sabun,sabun,4,synt,tts_google,add_item
TTS Google/synt_538.mp3,synt_538.wav,catat 1 mie,mie,1,synt,tts_google,add_item
TTS Google/synt_539.mp3,synt_539.wav,catat 1 teh,teh,1,synt,tts_google,add_item
TTS Google/synt_540.mp3,synt_540.wav,catat 1 teh,teh,1,synt,tts_google,add_item
TTS Google/synt_541.mp3,synt_541.wav,catat 4 sabun,sabun,4,synt,tts_google,add_item
TTS Google/synt_542.mp3,synt_542.wav,catat 1 sabun,sabun,1,synt,tts_google,add_item
TTS Google/synt_543.mp3,synt_543.wav,catat 3 air mineral,air mineral,3,synt,tts_google,add_item
TTS Google/synt_544.mp3,synt_544.wav,catat 1 telur,telur,1,synt,tts_google,add_item
TTS Google/synt_545.mp3,synt_545.wav,catat 5 kopi,kopi,5,synt,tts_google,add_item
TTS Google/synt_546.mp3,synt_546.wav,catat 5 beras,beras,5,synt,tts_google,add_item
TTS Google/synt_547.mp3,synt_547.wav,catat 1 teh,teh,1,synt,tts_google,add_item
TTS Google/synt_548.mp3,synt_548.wav,catat 4 gula,gula,4,synt,tts_google,add_item
TTS Google/synt_549.mp3,synt_549.wav,catat 4 beras,beras,4,synt,tts_google,add_item
TTS Google/synt_550.mp3,synt_550.wav,catat 3 minyak,minyak,3,synt,tts_google,add_item
TTS Google/manual_551.wav,manual_551.wav,catat 4 air mineral,air mineral,4,manual,mujadid,add_item
TTS Google/manual_552.wav,manual_552.wav,catat 4 mie,mie,4,manual,mujadid,add_item
TTS Google/manual_553.wav,manual_553.wav,catat 2 kopi,kopi,2,manual,mujadid,add_item
TTS Google/manual_554.wav,manual_554.wav,catat 3 kopi,kopi,3,manual,mujadid,add_item
TTS Google/manual_555.wav,manual_555.wav,catat 1 mie,mie,1,manual,mujadid,add_item
TTS Google/manual_556.wav,manual_556.wav,catat 1 air mineral,air mineral,1,manual,mujadid,add_item
TTS Google/manual_557.wav,manual_557.wav,catat 4 mie,mie,4,manual,mujadid,add_item
TTS Google/manual_558.wav,manual_558.wav,catat 1 air mineral,air mineral,1,manual,mujadid,add_item
TTS Google/manual_559.wav,manual_559.wav,catat 2 mie,mie,2,manual,mujadid,add_item
TTS Google/manual_560.wav,manual_560.wav,catat 2 teh,teh,2,manual,mujadid,add_item
TTS Google/manual_561.wav,manual_561.wav,catat 4 teh,teh,4,manual,mujadid,add_item
TTS Google/manual_562.wav,manual_562.wav,catat 5 minyak,minyak,5,manual,mujadid,add_item
TTS Google/manual_563.wav,manual_563.wav,catat 5 telur,telur,5,manual,mujadid,add_item
TTS Google/manual_564.wav,manual_564.wav,catat 1 minyak,minyak,1,manual,mujadid,add_item
TTS Google/manual_565.wav,manual_565.wav,catat 2 kopi,kopi,2,manual,mujadid,add_item
TTS Google/manual_566.wav,manual_566.wav,catat 5 beras,beras,5,manual,mujadid,add_item
TTS Google/manual_567.wav,manual_567.wav,catat 5 telur,telur,5,manual,mujadid,add_item
TTS Google/manual_568.wav,manual_568.wav,catat 2 gula,gula,2,manual,mujadid,add_item
TTS Google/manual_569.wav,manual_569.wav,catat 4 susu,susu,4,manual,mujadid,add_item
TTS Google/manual_570.wav,manual_570.wav,catat 2 beras,beras,2,manual,mujadid,add_item
TTS Google/manual_571.wav,manual_571.wav,catat 3 minyak,minyak,3,manual,mujadid,add_item
TTS Google/manual_572.wav,manual_572.wav,catat 4 kopi,kopi,4,manual,mujadid,add_item
TTS Google/manual_573.wav,manual_573.wav,catat 5 minyak,minyak,5,manual,mujadid,add_item
TTS Google/manual_574.wav,manual_574.wav,catat 2 kopi,kopi,2,manual,mujadid,add_item
TTS Google/manual_575.wav,manual_575.wav,catat 5 telur,telur,5,manual,mujadid,add_item
TTS Google/manual_576.wav,manual_576.wav,catat 1 mie,mie,1,manual,mujadid,add_item
TTS Google/manual_577.wav,manual_577.wav,catat 4 susu,susu,4,manual,mujadid,add_item
TTS Google/manual_578.wav,manual_578.wav,catat 3 beras,beras,3,manual,mujadid,add_item
TTS Google/manual_579.wav,manual_579.wav,catat 3 sabun,sabun,3,manual,mujadid,add_item
TTS Google/manual_580.wav,manual_580.wav,catat 5 mie,mie,5,manual,mujadid,add_item
TTS Google/manual_581.wav,manual_581.wav,catat 1 susu,susu,1,manual,mujadid,add_item
TTS Google/manual_582.wav,manual_582.wav,catat 1 mie,mie,1,manual,mujadid,add_item
TTS Google/manual_583.wav,manual_583.wav,catat 5 mie,mie,5,manual,mujadid,add_item
TTS Google/manual_584.wav,manual_584.wav,catat 2 teh,teh,2,manual,mujadid,add_item
TTS Google/manual_585.wav,manual_585.wav,catat 1 gula,gula,1,manual,mujadid,add_item
TTS Google/manual_586.wav,manual_586.wav,catat 1 telur,telur,1,manual,mujadid,add_item
TTS Google/manual_587.wav,manual_587.wav,catat 5 kopi,kopi,5,manual,mujadid,add_item
TTS Google/manual_588.wav,manual_588.wav,catat 2 sabun,sabun,2,manual,mujadid,add_item
TTS Google/manual_589.wav,manual_589.wav,catat 2 beras,beras,2,manual,mujadid,add_item
TTS Google/manual_590.wav,manual_590.wav,catat 4 air mineral,air mineral,4,manual,mujadid,add_item
TTS Google/manual_591.wav,manual_591.wav,catat 4 minyak,minyak,4,manual,mujadid,add_item
TTS Google/manual_592.wav,manual_592.wav,catat 1 sabun,sabun,1,manual,mujadid,add_item
TTS Google/manual_593.wav,manual_593.wav,catat 4 teh,teh,4,manual,mujadid,add_item
TTS Google/manual_594.wav,manual_594.wav,catat 5 beras,beras,5,manual,mujadid,add_item
TTS Google/manual_595.wav,manual_595.wav,catat 1 minyak,minyak,1,manual,mujadid,add_item
TTS Google/manual_596.wav,manual_596.wav,catat 3 teh,teh,3,manual,mujadid,add_item
TTS Google/manual_597.wav,manual_597.wav,catat 5 gula,gula,5,manual,mujadid,add_item
TTS Google/manual_598.wav,manual_598.wav,catat 2 teh,teh,2,manual,mujadid,add_item
TTS Google/manual_599.wav,manual_599.wav,catat 3 minyak,minyak,3,manual,mujadid,add_item
TTS Google/manual_600.wav,manual_600.wav,catat 5 minyak,minyak,5,manual,mujadid,add_item
TTS Google/manual_601.wav,manual_601.wav,catat 5 susu,susu,5,manual,mujadid,add_item
TTS Google/manual_602.wav,manual_602.wav,catat 4 air mineral,air mineral,4,manual,mujadid,add_item
TTS Google/manual_603.wav,manual_603.wav,catat 3 mie,mie,3,manual,mujadid,add_item
TTS Google/manual_604.wav,manual_604.wav,catat 1 mie,mie,1,manual,mujadid,add_item
TTS Google/manual_605.wav,manual_605.wav,catat 1 minyak,minyak,1,manual,mujadid,add_item
TTS Google/manual_606.wav,manual_606.wav,catat 2 sabun,sabun,2,manual,mujadid,add_item
TTS Google/manual_607.wav,manual_607.wav,catat 4 telur,telur,4,manual,mujadid,add_item
TTS Google/manual_608.wav,manual_608.wav,catat 4 teh,teh,4,manual,mujadid,add_item
TTS Google/manual_609.wav,manual_609.wav,catat 3 kopi,kopi,3,manual,mujadid,add_item
TTS Google/manual_610.wav,manual_610.wav,catat 4 teh,teh,4,manual,mujadid,add_item
TTS Google/manual_611.wav,manual_611.wav,catat 3 teh,teh,3,manual,mujadid,add_item
TTS Google/manual_612.wav,manual_612.wav,catat 3 sabun,sabun,3,manual,mujadid,add_item
TTS Google/manual_613.wav,manual_613.wav,catat 1 air mineral,air mineral,1,manual,mujadid,add_item
TTS Google/manual_614.wav,manual_614.wav,catat 2 teh,teh,2,manual,mujadid,add_item
TTS Google/manual_615.wav,manual_615.wav,catat 5 gula,gula,5,manual,mujadid,add_item
TTS Google/manual_616.wav,manual_616.wav,catat 4 beras,beras,4,manual,mujadid,add_item
TTS Google/manual_617.wav,manual_617.wav,catat 2 susu,susu,2,manual,mujadid,add_item
TTS Google/manual_618.wav,manual_618.wav,catat 1 telur,telur,1,manual,mujadid,add_item
TTS Google/manual_619.wav,manual_619.wav,catat 5 susu,susu,5,manual,mujadid,add_item
TTS Google/manual_620.wav,manual_620.wav,catat 1 minyak,minyak,1,manual,mujadid,add_item
TTS Google/manual_621.wav,manual_621.wav,catat 3 minyak,minyak,3,manual,mujadid,add_item
TTS Google/manual_622.wav,manual_622.wav,catat 4 air mineral,air mineral,4,manual,mujadid,add_item
TTS Google/manual_623.wav,manual_623.wav,catat 1 telur,telur,1,manual,mujadid,add_item
TTS Google/manual_624.wav,manual_624.wav,catat 5 air mineral,air mineral,5,manual,mujadid,add_item
TTS Google/manual_625.wav,manual_625.wav,catat 3 teh,teh,3,manual,mujadid,add_item
TTS Google/manual_626.wav,manual_626.wav,catat 3 gula,gula,3,manual,mujadid,add_item
TTS Google/manual_627.wav,manual_627.wav,catat 2 telur,telur,2,manual,mujadid,add_item
TTS Google/manual_628.wav,manual_628.wav,catat 3 susu,susu,3,manual,mujadid,add_item
TTS Google/manual_629.wav,manual_629.wav,catat 1 sabun,sabun,1,manual,mujadid,add_item
TTS Google/manual_630.wav,manual_630.wav,catat 3 teh,teh,3,manual,mujadid,add_item
TTS Google/manual_631.wav,manual_631.wav,catat 4 kopi,kopi,4,manual,mujadid,add_item
TTS Google/manual_632.wav,manual_632.wav,catat 5 kopi,kopi,5,manual,mujadid,add_item
TTS Google/manual_633.wav,manual_633.wav,catat 1 telur,telur,1,manual,mujadid,add_item
TTS Google/manual_634.wav,manual_634.wav,catat 4 mie,mie,4,manual,mujadid,add_item
TTS Google/manual_635.wav,manual_635.wav,catat 2 mie,mie,2,manual,mujadid,add_item
TTS Google/manual_636.wav,manual_636.wav,catat 3 susu,susu,3,manual,mujadid,add_item
TTS Google/manual_637.wav,manual_637.wav,catat 4 sabun,sabun,4,manual,mujadid,add_item
TTS Google/manual_638.wav,manual_638.wav,catat 1 sabun,sabun,1,manual,mujadid,add_item
TTS Google/manual_639.wav,manual_639.wav,catat 5 minyak,minyak,5,manual,mujadid,add_item
TTS Google/manual_640.wav,manual_640.wav,catat 2 air mineral,air mineral,2,manual,mujadid,add_item
TTS Google/manual_641.wav,manual_641.wav,catat 4 susu,susu,4,manual,mujadid,add_item
TTS Google/manual_642.wav,manual_642.wav,catat 3 air mineral,air mineral,3,manual,mujadid,add_item
TTS Google/manual_643.wav,manual_643.wav,catat 5 teh,teh,5,manual,mujadid,add_item
TTS Google/manual_644.wav,manual_644.wav,catat 5 beras,beras,5,manual,mujadid,add_item
TTS Google/manual_645.wav,manual_645.wav,catat 1 air mineral,air mineral,1,manual,mujadid,add_item
TTS Google/manual_646.wav,manual_646.wav,catat 2 minyak,minyak,2,manual,mujadid,add_item
TTS Google/manual_647.wav,manual_647.wav,catat 3 teh,teh,3,manual,mujadid,add_item
TTS Google/manual_648.wav,manual_648.wav,catat 2 susu,susu,2,manual,mujadid,add_item
TTS Google/manual_649.wav,manual_649.wav,catat 5 sabun,sabun,5,manual,mujadid,add_item
TTS Google/manual_650.wav,manual_650.wav,catat 4 minyak,minyak,4,manual,mujadid,add_item
TTS Google/manual_651.wav,manual_651.wav,catat 2 air mineral,air mineral,2,manual,deri,add_item
TTS Google/manual_652.wav,manual_652.wav,catat 1 mie,mie,1,manual,deri,add_item
TTS Google/manual_653.wav,manual_653.wav,catat 2 susu,susu,2,manual,deri,add_item
TTS Google/manual_654.wav,manual_654.wav,catat 1 beras,beras,1,manual,deri,add_item
TTS Google/manual_655.wav,manual_655.wav,catat 5 kopi,kopi,5,manual,deri,add_item
TTS Google/manual_656.wav,manual_656.wav,catat 4 gula,gula,4,manual,deri,add_item
TTS Google/manual_657.wav,manual_657.wav,catat 2 kopi,kopi,2,manual,deri,add_item
TTS Google/manual_658.wav,manual_658.wav,catat 4 mie,mie,4,manual,deri,add_item
TTS Google/manual_659.wav,manual_659.wav,catat 3 sabun,sabun,3,manual,deri,add_item
TTS Google/manual_660.wav,manual_660.wav,catat 2 teh,teh,2,manual,deri,add_item
TTS Google/manual_661.wav,manual_661.wav,catat 5 beras,beras,5,manual,deri,add_item
TTS Google/manual_662.wav,manual_662.wav,catat 4 gula,gula,4,manual,deri,add_item
TTS Google/manual_663.wav,manual_663.wav,catat 2 mie,mie,2,manual,deri,add_item
TTS Google/manual_664.wav,manual_664.wav,catat 4 telur,telur,4,manual,deri,add_item
TTS Google/manual_665.wav,manual_665.wav,catat 2 minyak,minyak,2,manual,deri,add_item
TTS Google/manual_666.wav,manual_666.wav,catat 4 beras,beras,4,manual,deri,add_item
TTS Google/manual_667.wav,manual_667.wav,catat 1 susu,susu,1,manual,deri,add_item
TTS Google/manual_668.wav,manual_668.wav,catat 5 telur,telur,5,manual,deri,add_item
TTS Google/manual_669.wav,manual_669.wav,catat 2 sabun,sabun,2,manual,deri,add_item
TTS Google/manual_670.wav,manual_670.wav,catat 2 beras,beras,2,manual,deri,add_item
TTS Google/manual_671.wav,manual_671.wav,catat 2 beras,beras,2,manual,deri,add_item
TTS Google/manual_672.wav,manual_672.wav,catat 3 minyak,minyak,3,manual,deri,add_item
TTS Google/manual_673.wav,manual_673.wav,catat 2 teh,teh,2,manual,deri,add_item
TTS Google/manual_674.wav,manual_674.wav,catat 5 beras,beras,5,manual,deri,add_item
TTS Google/manual_675.wav,manual_675.wav,catat 4 beras,beras,4,manual,deri,add_item
TTS Google/manual_676.wav,manual_676.wav,catat 1 gula,gula,1,manual,deri,add_item
TTS Google/manual_677.wav,manual_677.wav,catat 4 mie,mie,4,manual,deri,add_item
TTS Google/manual_678.wav,manual_678.wav,catat 4 teh,teh,4,manual,deri,add_item
TTS Google/manual_679.wav,manual_679.wav,catat 5 kopi,kopi,5,manual,deri,add_item
TTS Google/manual_680.wav,manual_680.wav,catat 4 telur,telur,4,manual,deri,add_item
TTS Google/manual_681.wav,manual_681.wav,catat 2 air mineral,air mineral,2,manual,deri,add_item
TTS Google/manual_682.wav,manual_682.wav,catat 2 kopi,kopi,2,manual,deri,add_item
TTS Google/manual_683.wav,manual_683.wav,catat 1 minyak,minyak,1,manual,deri,add_item
TTS Google/manual_684.wav,manual_684.wav,catat 1 telur,telur,1,manual,deri,add_item
TTS Google/manual_685.wav,manual_685.wav,catat 3 sabun,sabun,3,manual,deri,add_item
TTS Google/manual_686.wav,manual_686.wav,catat 1 sabun,sabun,1,manual,deri,add_item
TTS Google/manual_687.wav,manual_687.wav,catat 1 beras,beras,1,manual,deri,add_item
TTS Google/manual_688.wav,manual_688.wav,catat 5 minyak,minyak,5,manual,deri,add_item
TTS Google/manual_689.wav,manual_689.wav,catat 3 teh,teh,3,manual,deri,add_item
TTS Google/manual_690.wav,manual_690.wav,catat 4 telur,telur,4,manual,deri,add_item
TTS Google/manual_691.wav,manual_691.wav,catat 1 kopi,kopi,1,manual,deri,add_item
TTS Google/manual_692.wav,manual_692.wav,catat 5 gula,gula,5,manual,deri,add_item
TTS Google/manual_693.wav,manual_693.wav,catat 1 teh,teh,1,manual,deri,add_item
TTS Google/manual_694.wav,manual_694.wav,catat 4 gula,gula,4,manual,deri,add_item
TTS Google/manual_695.wav,manual_695.wav,catat 2 kopi,kopi,2,manual,deri,add_item
TTS Google/manual_696.wav,manual_696.wav,catat 2 susu,susu,2,manual,deri,add_item
TTS Google/manual_697.wav,manual_697.wav,catat 3 telur,telur,3,manual,deri,add_item
TTS Google/manual_698.wav,manual_698.wav,catat 3 minyak,minyak,3,manual,deri,add_item
TTS Google/manual_699.wav,manual_699.wav,catat 3 minyak,minyak,3,manual,deri,add_item
TTS Google/manual_700.wav,manual_700.wav,catat 1 susu,susu,1,manual,deri,add_item
TTS Google/manual_701.wav,manual_701.wav,catat 4 telur,telur,4,manual,deri,add_item
TTS Google/manual_702.wav,manual_702.wav,catat 3 teh,teh,3,manual,deri,add_item
TTS Google/manual_703.wav,manual_703.wav,catat 3 mie,mie,3,manual,deri,add_item
TTS Google/manual_704.wav,manual_704.wav,catat 4 gula,gula,4,manual,deri,add_item
TTS Google/manual_705.wav,manual_705.wav,catat 5 air mineral,air mineral,5,manual,deri,add_item
TTS Google/manual_706.wav,manual_706.wav,catat 2 air mineral,air mineral,2,manual,deri,add_item
TTS Google/manual_707.wav,manual_707.wav,catat 1 teh,teh,1,manual,deri,add_item
TTS Google/manual_708.wav,manual_708.wav,catat 3 gula,gula,3,manual,deri,add_item
TTS Google/manual_709.wav,manual_709.wav,catat 5 susu,susu,5,manual,deri,add_item
TTS Google/manual_710.wav,manual_710.wav,catat 5 susu,susu,5,manual,deri,add_item
TTS Google/manual_711.wav,manual_711.wav,catat 4 teh,teh,4,manual,deri,add_item
TTS Google/manual_712.wav,manual_712.wav,catat 1 telur,telur,1,manual,deri,add_item
TTS Google/manual_713.wav,manual_713.wav,catat 3 beras,beras,3,manual,deri,add_item
TTS Google/manual_714.wav,manual_714.wav,catat 1 sabun,sabun,1,manual,deri,add_item
TTS Google/manual_715.wav,manual_715.wav,catat 5 telur,telur,5,manual,deri,add_item
TTS Google/manual_716.wav,manual_716.wav,catat 3 susu,susu,3,manual,deri,add_item
TTS Google/manual_717.wav,manual_717.wav,catat 4 minyak,minyak,4,manual,deri,add_item
TTS Google/manual_718.wav,manual_718.wav,catat 4 susu,susu,4,manual,deri,add_item
TTS Google/manual_719.wav,manual_719.wav,catat 2 susu,susu,2,manual,deri,add_item
TTS Google/manual_720.wav,manual_720.wav,catat 5 minyak,minyak,5,manual,deri,add_item
TTS Google/manual_721.wav,manual_721.wav,catat 1 susu,susu,1,manual,deri,add_item
TTS Google/manual_722.wav,manual_722.wav,catat 4 air mineral,air mineral,4,manual,deri,add_item
TTS Google/manual_723.wav,manual_723.wav,catat 3 gula,gula,3,manual,deri,add_item
TTS Google/manual_724.wav,manual_724.wav,catat 5 minyak,minyak,5,manual,deri,add_item
TTS Google/manual_725.wav,manual_725.wav,catat 3 minyak,minyak,3,manual,deri,add_item
TTS Google/manual_726.wav,manual_726.wav,catat 4 gula,gula,4,manual,deri,add_item
TTS Google/manual_727.wav,manual_727.wav,catat 1 sabun,sabun,1,manual,deri,add_item
TTS Google/manual_728.wav,manual_728.wav,catat 1 teh,teh,1,manual,deri,add_item
TTS Google/manual_729.wav,manual_729.wav,catat 4 teh,teh,4,manual,deri,add_item
TTS Google/manual_730.wav,manual_730.wav,catat 4 gula,gula,4,manual,deri,add_item
TTS Google/manual_731.wav,manual_731.wav,catat 5 air mineral,air mineral,5,manual,deri,add_item
TTS Google/manual_732.wav,manual_732.wav,catat 1 gula,gula,1,manual,deri,add_item
TTS Google/manual_733.wav,manual_733.wav,catat 2 gula,gula,2,manual,deri,add_item
TTS Google/manual_734.wav,manual_734.wav,catat 3 teh,teh,3,manual,deri,add_item
TTS Google/manual_735.wav,manual_735.wav,catat 3 mie,mie,3,manual,deri,add_item
TTS Google/manual_736.wav,manual_736.wav,catat 1 telur,telur,1,manual,deri,add_item
TTS Google/manual_737.wav,manual_737.wav,catat 4 telur,telur,4,manual,deri,add_item
TTS Google/manual_738.wav,manual_738.wav,catat 2 minyak,minyak,2,manual,deri,add_item
TTS Google/manual_739.wav,manual_739.wav,catat 1 teh,teh,1,manual,deri,add_item
TTS Google/manual_740.wav,manual_740.wav,catat 1 susu,susu,1,manual,deri,add_item
TTS Google/manual_741.wav,manual_741.wav,catat 3 beras,beras,3,manual,deri,add_item
TTS Google/manual_742.wav,manual_742.wav,catat 3 mie,mie,3,manual,deri,add_item
TTS Google/manual_743.wav,manual_743.wav,catat 5 beras,beras,5,manual,deri,add_item
TTS Google/manual_744.wav,manual_744.wav,catat 4 susu,susu,4,manual,deri,add_item
TTS Google/manual_745.wav,manual_745.wav,catat 4 sabun,sabun,4,manual,deri,add_item
TTS Google/manual_746.wav,manual_746.wav,catat 3 sabun,sabun,3,manual,deri,add_item
TTS Google/manual_747.wav,manual_747.wav,catat 5 sabun,sabun,5,manual,deri,add_item
TTS Google/manual_748.wav,manual_748.wav,catat 4 teh,teh,4,manual,deri,add_item
TTS Google/manual_749.wav,manual_749.wav,catat 5 air mineral,air mineral,5,manual,deri,add_item
TTS Google/manual_750.wav,manual_750.wav,catat 5 sabun,sabun,5,manual,deri,add_item
TTS Google/manual_751.wav,manual_751.wav,catat 2 sabun,sabun,2,manual,jimnas,add_item
TTS Google/manual_752.wav,manual_752.wav,catat 1 minyak,minyak,1,manual,jimnas,add_item
TTS Google/manual_753.wav,manual_753.wav,catat 3 air mineral,air mineral,3,manual,jimnas,add_item
TTS Google/manual_754.wav,manual_754.wav,catat 5 susu,susu,5,manual,jimnas,add_item
TTS Google/manual_755.wav,manual_755.wav,catat 1 telur,telur,1,manual,jimnas,add_item
TTS Google/manual_756.wav,manual_756.wav,catat 3 susu,susu,3,manual,jimnas,add_item
TTS Google/manual_757.wav,manual_757.wav,catat 2 susu,susu,2,manual,jimnas,add_item
TTS Google/manual_758.wav,manual_758.wav,catat 3 telur,telur,3,manual,jimnas,add_item
TTS Google/manual_759.wav,manual_759.wav,catat 3 kopi,kopi,3,manual,jimnas,add_item
TTS Google/manual_760.wav,manual_760.wav,catat 3 telur,telur,3,manual,jimnas,add_item
TTS Google/manual_761.wav,manual_761.wav,catat 3 susu,susu,3,manual,jimnas,add_item
TTS Google/manual_762.wav,manual_762.wav,catat 3 minyak,minyak,3,manual,jimnas,add_item
TTS Google/manual_763.wav,manual_763.wav,catat 5 teh,teh,5,manual,jimnas,add_item
TTS Google/manual_764.wav,manual_764.wav,catat 2 sabun,sabun,2,manual,jimnas,add_item
TTS Google/manual_765.wav,manual_765.wav,catat 4 mie,mie,4,manual,jimnas,add_item
TTS Google/manual_766.wav,manual_766.wav,catat 1 gula,gula,1,manual,jimnas,add_item
TTS Google/manual_767.wav,manual_767.wav,catat 1 beras,beras,1,manual,jimnas,add_item
TTS Google/manual_768.wav,manual_768.wav,catat 5 beras,beras,5,manual,jimnas,add_item
TTS Google/manual_769.wav,manual_769.wav,catat 5 gula,gula,5,manual,jimnas,add_item
TTS Google/manual_770.wav,manual_770.wav,catat 2 mie,mie,2,manual,jimnas,add_item
TTS Google/manual_771.wav,manual_771.wav,catat 1 beras,beras,1,manual,jimnas,add_item
TTS Google/manual_772.wav,manual_772.wav,catat 5 kopi,kopi,5,manual,jimnas,add_item
TTS Google/manual_773.wav,manual_773.wav,catat 3 minyak,minyak,3,manual,jimnas,add_item
TTS Google/manual_774.wav,manual_774.wav,catat 1 susu,susu,1,manual,jimnas,add_item
TTS Google/manual_775.wav,manual_775.wav,catat 5 gula,gula,5,manual,jimnas,add_item
TTS Google/manual_776.wav,manual_776.wav,catat 5 susu,susu,5,manual,jimnas,add_item
TTS Google/manual_777.wav,manual_777.wav,catat 2 susu,susu,2,manual,jimnas,add_item
TTS Google/manual_778.wav,manual_778.wav,catat 3 telur,telur,3,manual,jimnas,add_item
TTS Google/manual_779.wav,manual_779.wav,catat 3 beras,beras,3,manual,jimnas,add_item
TTS Google/manual_780.wav,manual_780.wav,catat 5 sabun,sabun,5,manual,jimnas,add_item
TTS Google/manual_781.wav,manual_781.wav,catat 5 susu,susu,5,manual,jimnas,add_item
TTS Google/manual_782.wav,manual_782.wav,catat 2 kopi,kopi,2,manual,jimnas,add_item
TTS Google/manual_783.wav,manual_783.wav,catat 5 gula,gula,5,manual,jimnas,add_item
TTS Google/manual_784.wav,manual_784.wav,catat 5 telur,telur,5,manual,jimnas,add_item
TTS Google/manual_785.wav,manual_785.wav,catat 4 beras,beras,4,manual,jimnas,add_item
TTS Google/manual_786.wav,manual_786.wav,catat 4 gula,gula,4,manual,jimnas,add_item
TTS Google/manual_787.wav,manual_787.wav,catat 2 gula,gula,2,manual,jimnas,add_item
TTS Google/manual_788.wav,manual_788.wav,catat 5 minyak,minyak,5,manual,jimnas,add_item
TTS Google/manual_789.wav,manual_789.wav,catat 2 teh,teh,2,manual,jimnas,add_item
TTS Google/manual_790.wav,manual_790.wav,catat 4 telur,telur,4,manual,jimnas,add_item
TTS Google/manual_791.wav,manual_791.wav,catat 1 mie,mie,1,manual,jimnas,add_item
TTS Google/manual_792.wav,manual_792.wav,catat 4 air mineral,air mineral,4,manual,jimnas,add_item
TTS Google/manual_793.wav,manual_793.wav,catat 4 mie,mie,4,manual,jimnas,add_item
TTS Google/manual_794.wav,manual_794.wav,catat 1 mie,mie,1,manual,jimnas,add_item
TTS Google/manual_795.wav,manual_795.wav,catat 2 telur,telur,2,manual,jimnas,add_item
TTS Google/manual_796.wav,manual_796.wav,catat 4 teh,teh,4,manual,jimnas,add_item
TTS Google/manual_797.wav,manual_797.wav,catat 5 sabun,sabun,5,manual,jimnas,add_item
TTS Google/manual_798.wav,manual_798.wav,catat 3 kopi,kopi,3,manual,jimnas,add_item
TTS Google/manual_799.wav,manual_799.wav,catat 1 mie,mie,1,manual,jimnas,add_item
TTS Google/manual_800.wav,manual_800.wav,catat 3 air mineral,air mineral,3,manual,jimnas,add_item
TTS Google/manual_801.wav,manual_801.wav,catat 3 beras,beras,3,manual,jimnas,add_item
TTS Google/manual_802.wav,manual_802.wav,catat 4 sabun,sabun,4,manual,jimnas,add_item
TTS Google/manual_803.wav,manual_803.wav,catat 1 mie,mie,1,manual,jimnas,add_item
TTS Google/manual_804.wav,manual_804.wav,catat 5 teh,teh,5,manual,jimnas,add_item
TTS Google/manual_805.wav,manual_805.wav,catat 2 sabun,sabun,2,manual,jimnas,add_item
TTS Google/manual_806.wav,manual_806.wav,catat 5 air mineral,air mineral,5,manual,jimnas,add_item
TTS Google/manual_807.wav,manual_807.wav,catat 1 mie,mie,1,manual,jimnas,add_item
TTS Google/manual_808.wav,manual_808.wav,catat 1 telur,telur,1,manual,jimnas,add_item
TTS Google/manual_809.wav,manual_809.wav,catat 4 teh,teh,4,manual,jimnas,add_item
TTS Google/manual_810.wav,manual_810.wav,catat 3 sabun,sabun,3,manual,jimnas,add_item
TTS Google/manual_811.wav,manual_811.wav,catat 3 gula,gula,3,manual,jimnas,add_item
TTS Google/manual_812.wav,manual_812.wav,catat 1 kopi,kopi,1,manual,jimnas,add_item
TTS Google/manual_813.wav,manual_813.wav,catat 4 kopi,kopi,4,manual,jimnas,add_item
TTS Google/manual_814.wav,manual_814.wav,catat 3 gula,gula,3,manual,jimnas,add_item
TTS Google/manual_815.wav,manual_815.wav,catat 1 sabun,sabun,1,manual,jimnas,add_item
TTS Google/manual_816.wav,manual_816.wav,catat 1 telur,telur,1,manual,jimnas,add_item
TTS Google/manual_817.wav,manual_817.wav,catat 1 air mineral,air mineral,1,manual,jimnas,add_item
TTS Google/manual_818.wav,manual_818.wav,catat 1 teh,teh,1,manual,jimnas,add_item
TTS Google/manual_819.wav,manual_819.wav,catat 3 beras,beras,3,manual,jimnas,add_item
TTS Google/manual_820.wav,manual_820.wav,catat 5 beras,beras,5,manual,jimnas,add_item
TTS Google/manual_821.wav,manual_821.wav,catat 1 mie,mie,1,manual,jimnas,add_item
TTS Google/manual_822.wav,manual_822.wav,catat 1 kopi,kopi,1,manual,jimnas,add_item
TTS Google/manual_823.wav,manual_823.wav,catat 1 gula,gula,1,manual,jimnas,add_item
TTS Google/manual_824.wav,manual_824.wav,catat 5 telur,telur,5,manual,jimnas,add_item
TTS Google/manual_825.wav,manual_825.wav,catat 3 teh,teh,3,manual,jimnas,add_item
TTS Google/manual_826.wav,manual_826.wav,catat 5 kopi,kopi,5,manual,jimnas,add_item
TTS Google/manual_827.wav,manual_827.wav,catat 3 beras,beras,3,manual,jimnas,add_item
TTS Google/manual_828.wav,manual_828.wav,catat 4 air mineral,air mineral,4,manual,jimnas,add_item
TTS Google/manual_829.wav,manual_829.wav,catat 2 air mineral,air mineral,2,manual,jimnas,add_item
TTS Google/manual_830.wav,manual_830.wav,catat 2 beras,beras,2,manual,jimnas,add_item
TTS Google/manual_831.wav,manual_831.wav,catat 2 teh,teh,2,manual,jimnas,add_item
TTS Google/manual_832.wav,manual_832.wav,catat 5 mie,mie,5,manual,jimnas,add_item
TTS Google/manual_833.wav,manual_833.wav,catat 4 gula,gula,4,manual,jimnas,add_item
TTS Google/manual_834.wav,manual_834.wav,catat 4 beras,beras,4,manual,jimnas,add_item
TTS Google/manual_835.wav,manual_835.wav,catat 4 beras,beras,4,manual,jimnas,add_item
TTS Google/manual_836.wav,manual_836.wav,catat 4 sabun,sabun,4,manual,jimnas,add_item
TTS Google/manual_837.wav,manual_837.wav,catat 5 kopi,kopi,5,manual,jimnas,add_item
TTS Google/manual_838.wav,manual_838.wav,catat 1 teh,teh,1,manual,jimnas,add_item
TTS Google/manual_839.wav,manual_839.wav,catat 3 susu,susu,3,manual,jimnas,add_item
TTS Google/manual_840.wav,manual_840.wav,catat 2 sabun,sabun,2,manual,jimnas,add_item
TTS Google/manual_841.wav,manual_841.wav,catat 1 air mineral,air mineral,1,manual,jimnas,add_item
TTS Google/manual_842.wav,manual_842.wav,catat 1 mie,mie,1,manual,jimnas,add_item
TTS Google/manual_843.wav,manual_843.wav,catat 3 teh,teh,3,manual,jimnas,add_item
TTS Google/manual_844.wav,manual_844.wav,catat 4 telur,telur,4,manual,jimnas,add_item
TTS Google/manual_845.wav,manual_845.wav,catat 1 beras,beras,1,manual,jimnas,add_item
TTS Google/manual_846.wav,manual_846.wav,catat 1 beras,beras,1,manual,jimnas,add_item
TTS Google/manual_847.wav,manual_847.wav,catat 5 telur,telur,5,manual,jimnas,add_item
TTS Google/manual_848.wav,manual_848.wav,catat 5 kopi,kopi,5,manual,jimnas,add_item
TTS Google/manual_849.wav,manual_849.wav,catat 3 sabun,sabun,3,manual,jimnas,add_item
TTS Google/manual_850.wav,manual_850.wav,catat 4 sabun,sabun,4,manual,jimnas,add_item
TTS Google/manual_851.wav,manual_851.wav,catat 3 minyak,minyak,3,manual,mujadid,add_item
TTS Google/manual_852.wav,manual_852.wav,catat 3 susu,susu,3,manual,mujadid,add_item
TTS Google/manual_853.wav,manual_853.wav,catat 4 beras,beras,4,manual,mujadid,add_item
TTS Google/manual_854.wav,manual_854.wav,catat 1 mie,mie,1,manual,mujadid,add_item
TTS Google/manual_855.wav,manual_855.wav,catat 5 teh,teh,5,manual,mujadid,add_item
TTS Google/manual_856.wav,manual_856.wav,catat 4 mie,mie,4,manual,mujadid,add_item
TTS Google/manual_857.wav,manual_857.wav,catat 3 teh,teh,3,manual,mujadid,add_item
TTS Google/manual_858.wav,manual_858.wav,catat 4 gula,gula,4,manual,mujadid,add_item
TTS Google/manual_859.wav,manual_859.wav,catat 2 sabun,sabun,2,manual,mujadid,add_item
TTS Google/manual_860.wav,manual_860.wav,catat 2 air mineral,air mineral,2,manual,mujadid,add_item
TTS Google/manual_861.wav,manual_861.wav,catat 1 susu,susu,1,manual,mujadid,add_item
TTS Google/manual_862.wav,manual_862.wav,catat 4 teh,teh,4,manual,mujadid,add_item
TTS Google/manual_863.wav,manual_863.wav,catat 3 minyak,minyak,3,manual,mujadid,add_item
TTS Google/manual_864.wav,manual_864.wav,catat 2 telur,telur,2,manual,mujadid,add_item
TTS Google/manual_865.wav,manual_865.wav,catat 5 beras,beras,5,manual,mujadid,add_item
TTS Google/manual_866.wav,manual_866.wav,catat 3 mie,mie,3,manual,mujadid,add_item
TTS Google/manual_867.wav,manual_867.wav,catat 5 air mineral,air mineral,5,manual,mujadid,add_item
TTS Google/manual_868.wav,manual_868.wav,catat 5 mie,mie,5,manual,mujadid,add_item
TTS Google/manual_869.wav,manual_869.wav,catat 1 teh,teh,1,manual,mujadid,add_item
TTS Google/manual_870.wav,manual_870.wav,catat 3 telur,telur,3,manual,mujadid,add_item
TTS Google/manual_871.wav,manual_871.wav,catat 4 beras,beras,4,manual,mujadid,add_item
TTS Google/manual_872.wav,manual_872.wav,catat 2 telur,telur,2,manual,mujadid,add_item
TTS Google/manual_873.wav,manual_873.wav,catat 5 beras,beras,5,manual,mujadid,add_item
TTS Google/manual_874.wav,manual_874.wav,catat 2 kopi,kopi,2,manual,mujadid,add_item
TTS Google/manual_875.wav,manual_875.wav,catat 3 susu,susu,3,manual,mujadid,add_item
TTS Google/manual_876.wav,manual_876.wav,catat 3 air mineral,air mineral,3,manual,mujadid,add_item
TTS Google/manual_877.wav,manual_877.wav,catat 1 telur,telur,1,manual,mujadid,add_item
TTS Google/manual_878.wav,manual_878.wav,catat 5 sabun,sabun,5,manual,mujadid,add_item
TTS Google/manual_879.wav,manual_879.wav,catat 5 beras,beras,5,manual,mujadid,add_item
TTS Google/manual_880.wav,manual_880.wav,catat 3 gula,gula,3,manual,mujadid,add_item
TTS Google/manual_881.wav,manual_881.wav,catat 5 mie,mie,5,manual,mujadid,add_item
TTS Google/manual_882.wav,manual_882.wav,catat 5 kopi,kopi,5,manual,mujadid,add_item
TTS Google/manual_883.wav,manual_883.wav,catat 4 beras,beras,4,manual,mujadid,add_item
TTS Google/manual_884.wav,manual_884.wav,catat 3 gula,gula,3,manual,mujadid,add_item
TTS Google/manual_885.wav,manual_885.wav,catat 2 mie,mie,2,manual,mujadid,add_item
TTS Google/manual_886.wav,manual_886.wav,catat 1 sabun,sabun,1,manual,mujadid,add_item
TTS Google/manual_887.wav,manual_887.wav,catat 2 gula,gula,2,manual,mujadid,add_item
TTS Google/manual_888.wav,manual_888.wav,catat 4 air mineral,air mineral,4,manual,mujadid,add_item
TTS Google/manual_889.wav,manual_889.wav,catat 2 sabun,sabun,2,manual,mujadid,add_item
TTS Google/manual_890.wav,manual_890.wav,catat 3 sabun,sabun,3,manual,mujadid,add_item
TTS Google/manual_891.wav,manual_891.wav,catat 2 minyak,minyak,2,manual,mujadid,add_item
TTS Google/manual_892.wav,manual_892.wav,catat 2 kopi,kopi,2,manual,mujadid,add_item
TTS Google/manual_893.wav,manual_893.wav,catat 2 teh,teh,2,manual,mujadid,add_item
TTS Google/manual_894.wav,manual_894.wav,catat 2 beras,beras,2,manual,mujadid,add_item
TTS Google/manual_895.wav,manual_895.wav,catat 5 telur,telur,5,manual,mujadid,add_item
TTS Google/manual_896.wav,manual_896.wav,catat 2 telur,telur,2,manual,mujadid,add_item
TTS Google/manual_897.wav,manual_897.wav,catat 1 beras,beras,1,manual,mujadid,add_item
TTS Google/manual_898.wav,manual_898.wav,catat 1 kopi,kopi,1,manual,mujadid,add_item
TTS Google/manual_899.wav,manual_899.wav,catat 2 sabun,sabun,2,manual,mujadid,add_item
TTS Google/manual_900.wav,manual_900.wav,catat 5 mie,mie,5,manual,mujadid,add_item
TTS Google/manual_901.wav,manual_901.wav,catat 5 susu,susu,5,manual,deri,add_item
TTS Google/manual_902.wav,manual_902.wav,catat 5 mie,mie,5,manual,deri,add_item
TTS Google/manual_903.wav,manual_903.wav,catat 2 sabun,sabun,2,manual,deri,add_item
TTS Google/manual_904.wav,manual_904.wav,catat 4 beras,beras,4,manual,deri,add_item
TTS Google/manual_905.wav,manual_905.wav,catat 4 beras,beras,4,manual,deri,add_item
TTS Google/manual_906.wav,manual_906.wav,catat 2 air mineral,air mineral,2,manual,deri,add_item
TTS Google/manual_907.wav,manual_907.wav,catat 5 mie,mie,5,manual,deri,add_item
TTS Google/manual_908.wav,manual_908.wav,catat 3 telur,telur,3,manual,deri,add_item
TTS Google/manual_909.wav,manual_909.wav,catat 5 air mineral,air mineral,5,manual,deri,add_item
TTS Google/manual_910.wav,manual_910.wav,catat 4 air mineral,air mineral,4,manual,deri,add_item
TTS Google/manual_911.wav,manual_911.wav,catat 1 minyak,minyak,1,manual,deri,add_item
TTS Google/manual_912.wav,manual_912.wav,catat 1 teh,teh,1,manual,deri,add_item
TTS Google/manual_913.wav,manual_913.wav,catat 2 gula,gula,2,manual,deri,add_item
TTS Google/manual_914.wav,manual_914.wav,catat 4 air mineral,air mineral,4,manual,deri,add_item
TTS Google/manual_915.wav,manual_915.wav,catat 2 mie,mie,2,manual,deri,add_item
TTS Google/manual_916.wav,manual_916.wav,catat 1 mie,mie,1,manual,deri,add_item
TTS Google/manual_917.wav,manual_917.wav,catat 4 sabun,sabun,4,manual,deri,add_item
TTS Google/manual_918.wav,manual_918.wav,catat 5 air mineral,air mineral,5,manual,deri,add_item
TTS Google/manual_919.wav,manual_919.wav,catat 3 teh,teh,3,manual,deri,add_item
TTS Google/manual_920.wav,manual_920.wav,catat 2 telur,telur,2,manual,deri,add_item
TTS Google/manual_921.wav,manual_921.wav,catat 1 telur,telur,1,manual,deri,add_item
TTS Google/manual_922.wav,manual_922.wav,catat 1 sabun,sabun,1,manual,deri,add_item
TTS Google/manual_923.wav,manual_923.wav,catat 4 mie,mie,4,manual,deri,add_item
TTS Google/manual_924.wav,manual_924.wav,catat 5 mie,mie,5,manual,deri,add_item
TTS Google/manual_925.wav,manual_925.wav,catat 2 gula,gula,2,manual,deri,add_item
TTS Google/manual_926.wav,manual_926.wav,catat 1 telur,telur,1,manual,deri,add_item
TTS Google/manual_927.wav,manual_927.wav,catat 3 mie,mie,3,manual,deri,add_item
TTS Google/manual_928.wav,manual_928.wav,catat 1 beras,beras,1,manual,deri,add_item
TTS Google/manual_929.wav,manual_929.wav,catat 1 air mineral,air mineral,1,manual,deri,add_item
TTS Google/manual_930.wav,manual_930.wav,catat 5 mie,mie,5,manual,deri,add_item
TTS Google/manual_931.wav,manual_931.wav,catat 2 sabun,sabun,2,manual,deri,add_item
TTS Google/manual_932.wav,manual_932.wav,catat 1 minyak,minyak,1,manual,deri,add_item
TTS Google/manual_933.wav,manual_933.wav,catat 5 air mineral,air mineral,5,manual,deri,add_item
TTS Google/manual_934.wav,manual_934.wav,catat 4 mie,mie,4,manual,deri,add_item
TTS Google/manual_935.wav,manual_935.wav,catat 1 telur,telur,1,manual,deri,add_item
TTS Google/manual_936.wav,manual_936.wav,catat 2 sabun,sabun,2,manual,deri,add_item
TTS Google/manual_937.wav,manual_937.wav,catat 2 mie,mie,2,manual,deri,add_item
TTS Google/manual_938.wav,manual_938.wav,catat 3 kopi,kopi,3,manual,deri,add_item
TTS Google/manual_939.wav,manual_939.wav,catat 1 minyak,minyak,1,manual,deri,add_item
TTS Google/manual_940.wav,manual_940.wav,catat 1 beras,beras,1,manual,deri,add_item
TTS Google/manual_941.wav,manual_941.wav,catat 3 teh,teh,3,manual,deri,add_item
TTS Google/manual_942.wav,manual_942.wav,catat 1 telur,telur,1,manual,deri,add_item
TTS Google/manual_943.wav,manual_943.wav,catat 1 minyak,minyak,1,manual,deri,add_item
TTS Google/manual_944.wav,manual_944.wav,catat 4 kopi,kopi,4,manual,deri,add_item
TTS Google/manual_945.wav,manual_945.wav,catat 4 susu,susu,4,manual,deri,add_item
TTS Google/manual_946.wav,manual_946.wav,catat 2 telur,telur,2,manual,deri,add_item
TTS Google/manual_947.wav,manual_947.wav,catat 1 gula,gula,1,manual,deri,add_item
TTS Google/manual_948.wav,manual_948.wav,catat 5 air mineral,air mineral,5,manual,deri,add_item
TTS Google/manual_949.wav,manual_949.wav,catat 2 teh,teh,2,manual,deri,add_item
TTS Google/manual_950.wav,manual_950.wav,catat 3 beras,beras,3,manual,deri,add_item
TTS Google/manual_951.wav,manual_951.wav,catat 2 sabun,sabun,2,manual,jimnas,add_item
TTS Google/manual_952.wav,manual_952.wav,catat 2 sabun,sabun,2,manual,jimnas,add_item
TTS Google/manual_953.wav,manual_953.wav,catat 4 mie,mie,4,manual,jimnas,add_item
TTS Google/manual_954.wav,manual_954.wav,catat 1 air mineral,air mineral,1,manual,jimnas,add_item
TTS Google/manual_955.wav,manual_955.wav,catat 3 kopi,kopi,3,manual,jimnas,add_item
TTS Google/manual_956.wav,manual_956.wav,catat 3 minyak,minyak,3,manual,jimnas,add_item
TTS Google/manual_957.wav,manual_957.wav,catat 5 air mineral,air mineral,5,manual,jimnas,add_item
TTS Google/manual_958.wav,manual_958.wav,catat 2 susu,susu,2,manual,jimnas,add_item
TTS Google/manual_959.wav,manual_959.wav,catat 1 air mineral,air mineral,1,manual,jimnas,add_item
TTS Google/manual_960.wav,manual_960.wav,catat 4 beras,beras,4,manual,jimnas,add_item
TTS Google/manual_961.wav,manual_961.wav,catat 1 telur,telur,1,manual,jimnas,add_item
TTS Google/manual_962.wav,manual_962.wav,catat 5 minyak,minyak,5,manual,jimnas,add_item
TTS Google/manual_963.wav,manual_963.wav,catat 4 kopi,kopi,4,manual,jimnas,add_item
TTS Google/manual_964.wav,manual_964.wav,catat 3 beras,beras,3,manual,jimnas,add_item
TTS Google/manual_965.wav,manual_965.wav,catat 2 mie,mie,2,manual,jimnas,add_item
TTS Google/manual_966.wav,manual_966.wav,catat 3 air mineral,air mineral,3,manual,jimnas,add_item
TTS Google/manual_967.wav,manual_967.wav,catat 2 air mineral,air mineral,2,manual,jimnas,add_item
TTS Google/manual_968.wav,manual_968.wav,catat 3 susu,susu,3,manual,jimnas,add_item
TTS Google/manual_969.wav,manual_969.wav,catat 1 minyak,minyak,1,manual,jimnas,add_item
TTS Google/manual_970.wav,manual_970.wav,catat 3 gula,gula,3,manual,jimnas,add_item
TTS Google/manual_971.wav,manual_971.wav,catat 5 sabun,sabun,5,manual,jimnas,add_item
TTS Google/manual_972.wav,manual_972.wav,catat 4 air mineral,air mineral,4,manual,jimnas,add_item
TTS Google/manual_973.wav,manual_973.wav,catat 2 teh,teh,2,manual,jimnas,add_item
TTS Google/manual_974.wav,manual_974.wav,catat 2 teh,teh,2,manual,jimnas,add_item
TTS Google/manual_975.wav,manual_975.wav,catat 1 gula,gula,1,manual,jimnas,add_item
TTS Google/manual_976.wav,manual_976.wav,catat 5 sabun,sabun,5,manual,jimnas,add_item
TTS Google/manual_977.wav,manual_977.wav,catat 1 air mineral,air mineral,1,manual,jimnas,add_item
TTS Google/manual_978.wav,manual_978.wav,catat 4 telur,telur,4,manual,jimnas,add_item
TTS Google/manual_979.wav,manual_979.wav,catat 5 kopi,kopi,5,manual,jimnas,add_item
TTS Google/manual_980.wav,manual_980.wav,catat 2 sabun,sabun,2,manual,jimnas,add_item
TTS Google/manual_981.wav,manual_981.wav,catat 2 air mineral,air mineral,2,manual,jimnas,add_item
TTS Google/manual_982.wav,manual_982.wav,catat 4 susu,susu,4,manual,jimnas,add_item
TTS Google/manual_983.wav,manual_983.wav,catat 3 minyak,minyak,3,manual,jimnas,add_item
TTS Google/manual_984.wav,manual_984.wav,catat 4 telur,telur,4,manual,jimnas,add_item
TTS Google/manual_985.wav,manual_985.wav,catat 3 mie,mie,3,manual,jimnas,add_item
TTS Google/manual_986.wav,manual_986.wav,catat 5 air mineral,air mineral,5,manual,jimnas,add_item
TTS Google/manual_987.wav,manual_987.wav,catat 5 teh,teh,5,manual,jimnas,add_item
TTS Google/manual_988.wav,manual_988.wav,catat 3 gula,gula,3,manual,jimnas,add_item
TTS Google/manual_989.wav,manual_989.wav,catat 2 telur,telur,2,manual,jimnas,add_item
TTS Google/manual_990.wav,manual_990.wav,catat 2 telur,telur,2,manual,jimnas,add_item
TTS Google/manual_991.wav,manual_991.wav,catat 2 susu,susu,2,manual,jimnas,add_item
TTS Google/manual_992.wav,manual_992.wav,catat 3 mie,mie,3,manual,jimnas,add_item
TTS Google/manual_993.wav,manual_993.wav,catat 3 air mineral,air mineral,3,manual,jimnas,add_item
TTS Google/manual_994.wav,manual_994.wav,catat 5 gula,gula,5,manual,jimnas,add_item
TTS Google/manual_995.wav,manual_995.wav,catat 2 gula,gula,2,manual,jimnas,add_item
TTS Google/manual_996.wav,manual_996.wav,catat 5 gula,gula,5,manual,jimnas,add_item
TTS Google/manual_997.wav,manual_997.wav,catat 4 susu,susu,4,manual,jimnas,add_item
TTS Google/manual_998.wav,manual_998.wav,catat 2 beras,beras,2,manual,jimnas,add_item
TTS Google/manual_999.wav,manual_999.wav,catat 2 susu,susu,2,manual,jimnas,add_item
TTS Google/manual_1000.wav,manual_1000.wav,catat 4 mie,mie,4,manual,jimnas,add_item
